StateWellNumber,County,AquiferCode,ObsCode,WellDepth,LatitudeDD,LongitudeDD,StatusCode,Date,Time,WaterLevel,Change,WaterElevation,MeasNumber,MeasuringAgency,MethodOfMeasurement,RemarkID,Comments
3460602,Anderson,124CRRZ,C,652.0,32.0555556,-95.5058333,P,11/9/2022,1515.0,364.08,9.34,84.92,1.0,Texas Water Development Board,Steel Tape,,
3461501,Anderson,124CRRZ,C,900.0,32.0522222,-95.4447222,P,11/9/2022,1542.0,307.2,6.85,80.8,1.0,Texas Water Development Board,Electric Line,,
3801102,Anderson,124WLCX,C,510.0,31.9672222,-95.9980556,P,11/9/2022,802.0,69.85,2.42,235.15,1.0,Texas Water Development Board,Electric Line,,
3802402,Anderson,124WLCX,C,630.0,31.9336111,-95.8483333,Q,11/8/2022,1507.0,212.58,3.64,218.42,1.0,Texas Water Development Board,Steel Tape,4,
3810111,Anderson,124WLCX,C,790.0,31.8605111,-95.8473611,P,11/8/2022,1441.0,288.92,0.06,78.08,1.0,Texas Water Development Board,Steel Tape,,
3810205,Anderson,124WLCX,C,680.0,31.8463889,-95.8088889,P,11/8/2022,1408.0,230.78,1.84,141.22,1.0,Texas Water Development Board,Steel Tape,,
3812502,Anderson,124CRRZ,C,622.0,31.8052778,-95.5788889,P,11/8/2022,1252.0,211.72,6.97,201.28,1.0,Texas Water Development Board,Steel Tape,,Pump off 45 min
3819802,Anderson,124CRRZ,C,408.0,31.6569444,-95.685,P,11/8/2022,1117.0,109.93,1.6,202.07,1.0,Texas Water Development Board,Steel Tape,,
6852804,Atascosa,UNKNOWN,U,,29.128611,-98.582222,P,5/24/2011,,220.31,-11.49,434.69,1.0,U.S. Geological Survey,Steel Tape,,
6859213,Atascosa,124CRRZ,U,330.0,29.115834,-98.683055,P,5/16/2012,,194.43,1.09,437.57,1.0,U.S. Geological Survey,Steel Tape,,
5845907,Bastrop,124WLCX,U,300.0,30.273611,-97.400278,Q,5/9/2012,,129.92,1.38,360.08,1.0,U.S. Geological Survey,Steel Tape,12,
5862310,Bastrop,124WLCX,U,545.0,30.123611,-97.275555,Q,5/9/2012,,70.45,0.71,447.55,1.0,U.S. Geological Survey,Steel Tape,12,
6705509,Bastrop,124CRRZ,U,360.0,29.925,-97.450001,Q,5/9/2012,,114.76,-2.85,430.24,1.0,U.S. Geological Survey,Steel Tape,12,
6706205,Bastrop,124WLCX,U,420.0,29.980278,-97.328333,Q,5/25/2012,,134.06,-2.36,292.94,1.0,U.S. Geological Survey,Steel Tape,12,
6846702,Bexar,124WLCX,C,500.0,29.2555,-98.3375556,P,10/9/2023,841.0,93.9,2.46,407.1,1.0,Texas Water Development Board,Electric Line,,
6854402,Bexar,124CRRZ,C,265.0,29.2082778,-98.34925,X,10/9/2023,935.0,,,,1.0,Texas Water Development Board,Steel Tape,22,Log fell into well and is wedged in. Unable to get steel tape past the log.
1643302,Bowie,124WLCX,C,48.0,33.3716667,-94.6286111,P,11/9/2022,850.0,33.8,1.54,297.2,1.0,Texas Water Development Board,Steel Tape,,
1645603,Bowie,124WLCX,C,180.0,33.3280556,-94.3927778,P,11/9/2022,926.0,65.52,1.59,241.48,1.0,Texas Water Development Board,Steel Tape,,
1646602,Bowie,124WLCX,C,40.0,33.2988889,-94.2777778,P,11/9/2022,1000.0,23.48,0.5,256.52,1.0,Texas Water Development Board,Steel Tape,,
6712111,Caldwell,124WLCX,C,175.0,29.8705556,-97.5886667,P,10/12/2023,929.0,52.0,0.56,423.0,1.0,Texas Water Development Board,Electric Line,,
6712530,Caldwell,124WLCX,U,240.0,29.828889,-97.576667,P,5/14/2012,,89.51,-0.48,360.49,1.0,U.S. Geological Survey,Steel Tape,,
6720409,Caldwell,124WLCX,U,185.0,29.676667,-97.620278,P,5/14/2012,,11.41,0.35,348.59,1.0,U.S. Geological Survey,Steel Tape,,
3408105,Camp,124CZWX,C,195.0,32.9793417,-95.1249583,P,11/7/2022,1407.0,151.42,0.82,300.58,1.0,Texas Water Development Board,Electric Line,,
1654403,Cass,124WLCX,C,664.0,33.1915194,-94.3544194,P,11/8/2022,1335.0,190.03,-0.21,200.97,1.0,Texas Water Development Board,Steel Tape,,well off for 1 hr
1655901,Cass,124CRRZ,C,400.0,33.1430556,-94.1580556,P,11/8/2022,1224.0,167.16,0.68,216.84,1.0,Texas Water Development Board,Electric Line,,
1656716,Cass,124CRRZ,C,300.0,33.1468306,-94.1006,P,11/8/2022,1130.0,128.59,3.29,211.41,1.0,Texas Water Development Board,Electric Line,,
1662704,Cass,124CZWX,C,775.0,33.0159639,-94.3675083,Q,11/8/2022,830.0,332.76,14.72,71.24,1.0,Texas Water Development Board,Steel Tape,15,pump off for 1.5 hrs / tape hangs at WL
1662705,Cass,124CZWX,C,764.0,33.0208333,-94.3416667,P,11/8/2022,845.0,223.06,0.34,108.94,1.0,Texas Water Development Board,Steel Tape,,pump off for 1.5 hrs
3461902,Cherokee,124CRRZ,C,668.0,32.0404722,-95.3875556,X,11/11/2022,915.0,,,,1.0,Texas Water Development Board,,37,"Storm front coming through, rainy"
3463107,Cherokee,124CZWX,C,250.0,32.0892,-95.2232778,P,11/10/2022,912.0,201.93,4.18,204.07,1.0,Texas Water Development Board,Steel Tape,,
3463501,Cherokee,124WLCX,C,380.0,32.0608333,-95.1820833,P,11/10/2022,1036.0,146.0,1.07,233.0,1.0,Texas Water Development Board,Electric Line,,
3464302,Cherokee,124CRRZ,C,103.0,32.1045833,-95.0209167,P,11/10/2022,1126.0,51.31,3.2,364.69,1.0,Texas Water Development Board,Electric Line,,
3709102,Cherokee,124WLCX,C,639.0,31.8621389,-94.9886667,P,11/10/2022,1213.0,65.05,1.32,234.95,1.0,Texas Water Development Board,Steel Tape,,
3709104,Cherokee,124CRRZ,C,135.0,31.8622222,-94.9885,P,11/10/2022,1218.0,56.33,7.25,245.67,1.0,Texas Water Development Board,Steel Tape,,
3733202,Cherokee,124CRRZ,C,960.0,31.4880278,-94.9419444,P,11/11/2022,812.0,212.75,2.18,115.25,1.0,Texas Water Development Board,Electric Line,,
3806603,Cherokee,124CRRZ,C,700.0,31.9498611,-95.2670028,P,11/10/2022,813.0,536.0,0.0,-42.0,1.0,Texas Water Development Board,Air Line,,
3808105,Cherokee,124WLCX,C,1008.0,31.9761111,-95.0906111,X,11/10/2022,1138.0,,,,1.0,Texas Water Development Board,,19,Operator said due to the other well being down for repair they would not be able to shut pump off for me.
3815607,Cherokee,124CRRZ,C,675.0,31.8069167,-95.1618056,P,11/10/2022,1408.0,509.0,-4.0,197.0,1.0,Texas Water Development Board,Air Line,,
3816803,Cherokee,124CRRZ,C,333.0,31.7641111,-95.0533333,X,11/10/2022,1313.0,,,,1.0,Texas Water Development Board,,31,Way too many wasps flying around after spraying
3823406,Cherokee,124CRRZ,C,254.0,31.6885556,-95.2145556,P,11/10/2022,1507.0,171.59,0.68,187.41,1.0,Texas Water Development Board,Electric Line,,
7624801,Dimmit,124CRRZ,C,140.0,28.6466667,-100.0458333,X,10/26/2022,1228.0,,,,1.0,Texas Water Development Board,,30,
7648702,Dimmit,124CRRZ,C,180.0,28.2825,-100.1038889,Q,10/26/2022,1534.0,87.39,8.25,590.61,1.0,Texas Water Development Board,Steel Tape,3,Well # 7648703 POA ~20 ft away
7648703,Dimmit,124CRRZ,C,300.0,28.2822222,-100.1038889,Q,10/26/2022,1551.0,117.38,37.56,561.62,1.0,Texas Water Development Board,Steel Tape,4,"POA, pump off ~20 min"
7648801,Dimmit,124CRRZ,C,55.0,28.2758333,-100.0736111,P,10/26/2022,1512.0,28.5,0.33,653.5,1.0,Texas Water Development Board,Steel Tape,,
7648802,Dimmit,124CRRZ,U,120.0,28.2725,-100.0677778,P,5/19/2012,,25.0,-0.2,663.0,1.0,U.S. Geological Survey,Steel Tape,,
7718704,Dimmit,124CRRZ,C,1022.0,28.6341083,-99.8564583,P,10/26/2022,1159.0,399.39,,194.61,1.0,Texas Water Development Board,Steel Tape,,
7726431,Dimmit,124CRRZ,U,455.0,28.5713111,-99.8579694,P,5/18/2012,,272.12,1.93,321.88,1.0,U.S. Geological Survey,Steel Tape,,
7726708,Dimmit,124CRRZ,C,315.0,28.5088889,-99.8491667,P,10/26/2022,1315.0,220.58,1.4,384.42,1.0,Texas Water Development Board,Steel Tape,,
7733611,Dimmit,124CRRZ,C,360.0,28.4533333,-99.9163889,P,10/26/2022,1352.0,149.2,1.53,541.8,1.0,Texas Water Development Board,Steel Tape,,
7734702,Dimmit,124CRRZ,C,600.0,28.395,-99.8405556,P,10/26/2022,1722.0,261.99,-1.74,392.01,1.0,Texas Water Development Board,Electric Line,,
7742801,Dimmit,124CRRZ,C,1374.0,28.2555556,-99.8147222,P,10/26/2022,1825.0,342.71,,268.29,1.0,Texas Water Development Board,Steel Tape,,
7744107,Dimmit,,C,1464.0,28.3506111,-99.5963889,X,10/26/2022,1744.0,,,,1.0,Texas Water Development Board,,37,The sun set on me before I could get there :(
7744402,Dimmit,124CRRZ,B,1432.0,28.325,-99.5972222,P,7/25/2023,,211.88,0.01,270.12,1.0,Groundwater Conservation District,Continuous Acoustic Technology,,
1763806,Franklin,124WLCX,C,460.0,33.0144444,-95.1819444,P,11/7/2022,1325.0,149.84,1.39,312.16,1.0,Texas Water Development Board,Steel Tape,,
1763812,Franklin,124WLCX,C,580.0,33.0138889,-95.1813889,P,11/7/2022,1340.0,213.29,-0.69,246.71,1.0,Texas Water Development Board,Steel Tape,,
3915802,Freestone,124WLCX,C,496.0,31.7602778,-96.2077778,Q,10/26/2022,1008.0,183.65,11.48,226.35,1.0,Texas Water Development Board,Steel Tape,10,"Open hole no casing, wet morning"
3923101,Freestone,124WLCX,C,242.0,31.7466667,-96.2494444,P,10/26/2022,943.0,64.17,0.5,305.83,1.0,Texas Water Development Board,Steel Tape,,
3923404,Freestone,124WLCX,C,350.0,31.6722222,-96.22,P,10/26/2022,855.0,125.1,-22.09,334.9,1.0,Texas Water Development Board,Steel Tape,,All wells off overnight
3930611,Freestone,124WLCX,C,445.0,31.5719444,-96.2881111,Q,10/25/2022,1725.0,167.62,,315.38,1.0,Texas Water Development Board,Steel Tape,4,"POA, meas 2x, good mark, got it between pumping. No available shutoff"
3931301,Freestone,124WLCX,C,629.0,31.5966667,-96.1366667,P,10/26/2022,1215.0,155.09,,334.91,1.0,Texas Water Development Board,Steel Tape,,
3932205,Freestone,124WLCX,C,324.0,31.6058333,-96.0669444,P,10/26/2022,1245.0,56.49,0.63,358.51,1.0,Texas Water Development Board,Steel Tape,,"New MP +0.6, conduit sticking above old hole in PSP"
6734613,Gonzales,124CRRZ,U,,29.450556,-97.761667,P,5/14/2012,,38.66,1.06,369.34,1.0,U.S. Geological Survey,Steel Tape,,
3526706,Gregg,124CZWX,C,430.0,32.5038889,-94.8544444,P,11/17/2022,1410.0,156.58,3.2,188.42,1.0,Texas Water Development Board,Steel Tape,,Spotty but good mark.
3535402,Gregg,124CZWX,C,320.0,32.4566667,-94.7261111,P,11/17/2022,1457.0,86.57,11.88,233.43,1.0,Texas Water Development Board,Steel Tape,,
6725605,Guadalupe,124WLCX,U,350.0,29.547778,-97.912778,P,5/15/2012,,55.6,-8.89,430.4,1.0,U.S. Geological Survey,Steel Tape,,
6726512,Guadalupe,124WLCX,C,340.0,29.5755556,-97.8004167,X,10/12/2023,1308.0,,,,1.0,Texas Water Development Board,Electric Line,25,"Well cycles on/off every 5 minutes. E-line hangs before reaching water level. E-line tape soaked, unable to use steel tape."
6727201,Guadalupe,124WLCX,C,171.0,29.6030278,-97.6925,P,10/12/2023,1139.0,78.55,0.08,391.45,1.0,Texas Water Development Board,Electric Line,,
6733401,Guadalupe,124WLCX,C,81.0,29.4312222,-97.9997222,P,10/12/2023,1435.0,63.42,0.0,506.58,1.0,Texas Water Development Board,Electric Line,,
6733706,Guadalupe,124CRRZ,U,315.0,29.3925,-97.995,P,5/15/2012,,122.75,-1.8,474.25,1.0,U.S. Geological Survey,Steel Tape,,
6840310,Guadalupe,124WLCX,C,130.0,29.4881944,-98.0386111,P,10/12/2023,1540.0,100.18,,499.82,1.0,Texas Water Development Board,Electric Line,,Used small diameter e-line
6840401,Guadalupe,124WLCX,C,64.0,29.4477778,-98.0950556,P,10/12/2023,1502.0,28.96,3.82,521.04,1.0,Texas Water Development Board,Steel Tape,,
3522401,Harrison,124WLCX,C,25.0,32.6912333,-94.3393333,P,11/14/2022,1156.0,16.6,,233.4,1.0,Texas Water Development Board,Electric Line,,
3522708,Harrison,124WLCX,C,400.0,32.6504056,-94.3442861,P,12/2/2022,1015.0,148.73,20.39,164.27,1.0,Texas Water Development Board,Steel Tape,,Off >12 hours. Hangs a bit. Spotty measured 3x.
3530705,Harrison,124WLCX,C,225.0,32.5098389,-94.3461611,X,11/18/2022,1357.0,,,,1.0,Texas Water Development Board,Steel Tape,31,Huge fire ant mound under cover. Also well is now foam insulated so would need to rip it all apart to access MP.
3531602,Harrison,124WLCX,C,185.0,32.5608333,-94.1405556,P,12/2/2022,910.0,28.59,1.5,286.41,1.0,Texas Water Development Board,Steel Tape,,
3540507,Harrison,124WLCX,C,145.0,32.4466667,-94.0697222,P,12/2/2022,841.0,51.6,10.38,228.4,1.0,Texas Water Development Board,Steel Tape,,Measured 2x. Dry first time at 45’
3348616,Henderson,124WLCX,C,202.0,32.30225,-96.0098611,P,11/9/2022,1034.0,107.87,1.12,321.13,1.0,Texas Water Development Board,Steel Tape,,
3356611,Henderson,124WLCX,C,419.0,32.1676944,-96.0148611,P,11/9/2022,955.0,245.82,19.65,133.18,1.0,Texas Water Development Board,Steel Tape,,Pump off ~2 hrs
3441406,Henderson,124WLCX,C,265.0,32.2944167,-95.9819722,Q,11/9/2022,1103.0,135.29,9.76,281.71,1.0,Texas Water Development Board,Electric Line,4,Well off only ~30 min
3442403,Henderson,124WLCX,C,587.0,32.29675,-95.8489167,P,11/9/2022,1133.0,247.21,5.8,272.79,1.0,Texas Water Development Board,Steel Tape,,Well off 3.5 hrs
3443108,Henderson,,C,780.0,32.3397222,-95.7194444,P,11/9/2022,1215.0,196.7,13.7,261.3,1.0,Texas Water Development Board,Electric Line,,"pump off ~3hrs, need pipe wrench"
3443603,Henderson,124WLCX,C,500.0,32.2939722,-95.6599722,P,11/9/2022,1310.0,237.19,1.89,208.81,1.0,Texas Water Development Board,Steel Tape,,
3450306,Henderson,124WLCX,C,649.0,32.2406667,-95.7910556,P,11/9/2022,1345.0,290.85,1.66,229.15,1.0,Texas Water Development Board,Steel Tape,,
3457301,Henderson,124CRRZ,C,210.0,32.0964583,-95.8980556,P,11/9/2022,901.0,13.92,1.56,434.08,1.0,Texas Water Development Board,Steel Tape,,
3457309,Henderson,124WLCX,C,500.0,32.0963194,-95.8976389,P,11/9/2022,911.0,100.04,1.63,343.96,1.0,Texas Water Development Board,Electric Line,,
3457405,Henderson,124WLCX,C,340.0,32.0539722,-95.9676667,P,11/9/2022,832.0,115.27,2.58,269.73,1.0,Texas Water Development Board,Steel Tape,,
3460503,Henderson,124WLCX,C,1166.0,32.0819167,-95.5730833,P,11/9/2022,1616.0,281.57,3.46,183.43,1.0,Texas Water Development Board,Steel Tape,,
3460505,Henderson,124WLCX,C,628.0,32.0715,-95.5440556,P,11/9/2022,1717.0,257.11,2.93,203.89,1.0,Texas Water Development Board,Steel Tape,,
1761301,Hopkins,124WLCX,C,47.0,33.1102778,-95.3852778,P,12/1/2022,1004.0,13.44,-3.22,512.56,1.0,Texas Water Development Board,Steel Tape,,
1761401,Hopkins,124WLCX,C,260.0,33.0811111,-95.4886111,X,12/1/2022,928.0,,,,1.0,Texas Water Development Board,Steel Tape,23,"Couldn’t get past ~20 ft, tape very dirty/muddy"
3839701,Houston,124CRRZ,C,612.0,31.3791667,-95.2494444,P,12/5/2022,1434.0,132.45,0.3,258.55,1.0,Texas Water Development Board,Steel Tape,,could use eline
7729603,La Salle,124CRRZ,C,,28.5427778,-99.3988889,P,10/26/2022,931.0,607.52,50.52,-92.52,1.0,Texas Water Development Board,Electric Line,,
7738201,La Salle,124CRRZ,C,2200.0,28.48,-99.3225,P,10/26/2022,850.0,555.1,30.77,-86.1,1.0,Texas Water Development Board,Electric Line,,
7739407,La Salle,124CRRZ,C,2293.0,28.4383333,-99.2483333,P,10/28/2022,913.0,526.18,29.11,-94.18,1.0,Texas Water Development Board,Electric Line,,City says they might plug the well in the future.
7739408,La Salle,124CRRZ,C,2405.0,28.4327861,-99.2326056,P,5/25/1988,,189.0,,233.0,1.0,Registered Water Well Driller,Unknown,,
7739409,La Salle,124CRRZ,C,2337.0,28.4383889,-99.2489722,P,10/28/2022,857.0,541.51,36.72,-102.51,1.0,Texas Water Development Board,Electric Line,,
7747802,La Salle,124CRRZ,C,3290.0,28.2508333,-99.1819444,P,10/27/2022,802.0,35.63,13.16,360.37,1.0,Texas Water Development Board,Steel Tape,,
7748301,La Salle,124CRRZ,C,3483.0,28.3461111,-99.0058333,P,10/27/2022,1056.0,451.12,,-31.12,1.0,Texas Water Development Board,Steel Tape,,
7748401,La Salle,124CRRZ,C,,28.3047222,-99.1013889,P,10/27/2022,933.0,391.71,,-41.71,1.0,Texas Water Development Board,Steel Tape,,
7748801,La Salle,124CRRZ,C,3300.0,28.2888889,-99.0761111,P,10/27/2022,956.0,375.74,7.33,-28.74,1.0,Texas Water Development Board,Electric Line,,
7756702,La Salle,124CRRZ,B,,28.1548389,-99.0998722,P,7/25/2023,,363.28,5.81,-10.28,1.0,Groundwater Conservation District,Continuous Acoustic Technology,,
7764401,La Salle,124CRRZ,C,4280.0,28.0608333,-99.1088889,Q,10/25/2022,1835.0,364.31,-17.22,29.69,1.0,Texas Water Development Board,Steel Tape,4,"POA, pump off ~25 min"
7825502,La Salle,124CRRZ,B,2960.0,28.5597222,-98.9413889,P,7/25/2023,,380.9,1.87,12.1,1.0,Groundwater Conservation District,Continuous Acoustic Technology,,
5840713,Lee,124SMBR,U,,30.402223,-97.120833,Q,5/9/2012,,67.55,-0.65,386.45,1.0,U.S. Geological Survey,Electric Line,12,
3826111,Leon,124CRRZ,C,540.0,31.5852778,-95.8488889,P,10/26/2022,1345.0,38.83,3.6,237.17,1.0,Texas Water Development Board,Steel Tape,,
3826401,Leon,124WLCX,C,840.0,31.5797222,-95.8636111,P,10/26/2022,1330.0,122.52,1.7,217.48,1.0,Texas Water Development Board,Steel Tape,,
3843101,Leon,124CRRZ,C,676.0,31.3638889,-95.7280556,P,10/27/2022,905.0,101.91,4.85,189.09,1.0,Texas Water Development Board,Steel Tape,,
3849802,Leon,124CRRZ,C,1120.0,31.1496389,-95.9229722,P,10/27/2022,1125.0,68.45,2.64,239.55,1.0,Texas Water Development Board,Steel Tape,,
3940906,Leon,124CABF,C,820.0,31.4055556,-96.0105556,P,10/24/2022,1648.0,135.12,-1.01,274.88,1.0,Texas Water Development Board,Steel Tape,,
3954602,Leon,124WLCX,C,356.0,31.1855556,-96.2616667,P,10/24/2022,1354.0,55.86,1.33,294.14,1.0,Texas Water Development Board,Steel Tape,,
3954604,Leon,124CRRZ,C,200.0,31.1943333,-96.2786111,P,10/24/2022,1411.0,30.88,1.63,304.12,1.0,Texas Water Development Board,Steel Tape,,
3964705,Leon,124WLCX,C,1202.0,31.0305556,-96.1158056,P,10/24/2022,1255.0,122.9,2.72,260.1,1.0,Texas Water Development Board,Steel Tape,,
3920201,Limestone,125THCN,C,110.0,31.7177778,-96.5452778,P,10/25/2022,1414.0,29.92,1.1,533.08,1.0,Texas Water Development Board,Steel Tape,,
3929801,Limestone,124HOOP,C,240.0,31.5344444,-96.42,P,10/25/2022,1635.0,77.85,6.95,383.15,1.0,Texas Water Development Board,Steel Tape,,
3935910,Limestone,124HOOP,C,360.0,31.4011111,-96.6408333,P,10/25/2022,1140.0,49.46,-6.33,465.54,1.0,Texas Water Development Board,Steel Tape,,
3937601,Limestone,124WLCX,C,353.0,31.4306944,-96.3866389,P,10/25/2022,1007.0,59.44,2.85,354.56,1.0,Texas Water Development Board,Steel Tape,,"MP is changing if mower keeps chopping open hole casing, got current pic, well construction"
3937801,Limestone,124HOOP,C,446.0,31.4072222,-96.4258333,X,10/25/2022,1045.0,,,,1.0,Texas Water Development Board,Steel Tape,10,"POA, no shutoff switch, nobody around, leaking production pipe (and tank), meas 5x between pumping"
3938902,Limestone,124CABF,C,265.0,31.4127778,-96.2816667,P,10/25/2022,930.0,41.31,1.51,399.69,1.0,Texas Water Development Board,Steel Tape,,
3945202,Limestone,124HOOP,C,524.0,31.3705556,-96.4405556,P,10/25/2022,1106.0,92.38,0.12,361.62,1.0,Texas Water Development Board,Steel Tape,,
3859702,Madison,,C,263.0,31.0183889,-95.748,P,10/27/2022,1245.0,78.32,0.95,176.68,1.0,Texas Water Development Board,Steel Tape,,
6002103,Madison,,C,307.0,30.9771389,-95.8568333,P,10/27/2022,1324.0,27.97,-4.54,230.03,1.0,Texas Water Development Board,Steel Tape,,
3514703,Marion,124CZWX,C,793.0,32.7511111,-94.3488889,P,11/14/2022,1225.0,78.43,5.53,136.57,1.0,Texas Water Development Board,Electric Line,,
3515703,Marion,124CZWX,C,350.0,32.7811111,-94.2091667,P,11/15/2022,1358.0,69.41,-0.09,180.59,1.0,Texas Water Development Board,Steel Tape,,"Spotty, clear enough mark"
3516801,Marion,124CZWX,C,485.0,32.7886111,-94.0736111,X,11/15/2022,1437.0,,,,1.0,Texas Water Development Board,,20,"Super overgrown. Could not get tape in casing hole, really clogged."
7607901,Maverick,124CRRZ,C,100.0,28.9038889,-100.1441667,X,10/11/2022,1348.0,,,,1.0,Texas Water Development Board,Electric Line,24,
7607904,Maverick,124CRRZ,C,100.0,28.9080556,-100.1388889,P,10/11/2022,1400.0,69.52,2.14,628.48,1.0,Texas Water Development Board,Steel Tape,,
7607907,Maverick,124CRRZ,C,90.0,28.9091667,-100.1375,P,10/11/2022,1412.0,52.61,,640.39,1.0,Texas Water Development Board,Steel Tape,,
7607919,Maverick,124CRRZ,C,115.0,28.9138889,-100.1311111,X,10/11/2022,1442.0,,,,1.0,Texas Water Development Board,Electric Line,24,
7607920,Maverick,124CRRZ,C,100.0,28.9099833,-100.1366111,P,10/11/2022,1427.0,55.37,,641.63,1.0,Texas Water Development Board,Electric Line,,
7821801,McMullen,124CZWX,C,3600.0,28.6338889,-98.4558333,X,10/27/2022,1550.0,,,,1.0,Texas Water Development Board,Steel Tape,25,
7821804,McMullen,124CZWX,C,4300.0,28.6288889,-98.4441667,P,10/27/2022,1438.0,264.04,19.67,120.96,1.0,Texas Water Development Board,Steel Tape,,Measured 2x
7828501,McMullen,124CRRZ,C,3920.0,28.5747778,-98.5552222,P,10/27/2022,1626.0,215.21,7.32,124.79,1.0,Texas Water Development Board,Steel Tape,,"Spotty, good mark"
7837103,McMullen,124CRRZ,C,5200.0,28.4583333,-98.4816667,X,10/27/2022,1350.0,,,,1.0,Texas Water Development Board,,30,
6849211,Medina,124CRRZ,U,220.0,29.233055,-98.921667,P,5/16/2012,,104.75,0.19,700.25,1.0,U.S. Geological Survey,Steel Tape,,
6849707,Medina,124INDO,U,233.0,29.161945,-98.986667,P,5/24/2011,,137.7,26.8,570.3,1.0,U.S. Geological Survey,Steel Tape,,
6849808,Medina,124WLCX,C,390.0,29.1579167,-98.9543083,P,10/12/2022,1757.0,44.82,0.9,654.18,1.0,Texas Water Development Board,Steel Tape,,
6857307,Medina,124CRRZ,C,409.0,29.1186111,-98.8858333,P,10/13/2022,756.0,151.7,1.7,478.3,1.0,Texas Water Development Board,Electric Line,,
6955901,Medina,124WLCX,C,225.0,29.1393556,-99.1543472,P,10/12/2022,1731.0,32.05,4.2,636.95,1.0,Texas Water Development Board,Steel Tape,,
6956101,Medina,124WLCX,C,75.0,29.2466667,-99.1113889,P,10/13/2022,850.0,36.73,2.93,726.27,1.0,Texas Water Development Board,Steel Tape,,
5832403,Milam,124SMBR,U,462.0,30.573611,-97.121667,Q,5/9/2012,,102.72,50.63,429.28,1.0,U.S. Geological Survey,Steel Tape,12,
1643401,Morris,124WLCX,C,360.0,33.2977778,-94.7363889,P,11/9/2022,825.0,55.55,2.9,241.45,1.0,Texas Water Development Board,Steel Tape,,
1650207,Morris,124WLCX,C,400.0,33.2279306,-94.7958972,X,11/8/2022,1519.0,,,,1.0,Texas Water Development Board,,37,
1659710,Morris,124WLCX,C,529.0,33.0358333,-94.7397222,P,11/7/2022,1537.0,62.77,21.73,387.23,1.0,Texas Water Development Board,Steel Tape,,went thru pvc pipe / tape stops at around 42' down outside pvc within well casing
3403704,Rains,124WLCX,C,189.0,32.8804167,-95.7186111,P,12/2/2022,940.0,69.19,3.86,386.81,1.0,Texas Water Development Board,Steel Tape,,
3403801,Rains,124WLCX,C,150.0,32.9019444,-95.6730556,P,12/2/2022,907.0,32.17,,389.83,1.0,Texas Water Development Board,Steel Tape,,"Nobody home, house for sale"
3952701,Robertson,124SMBR,U,448.0,31.143889,-96.609445,P,5/16/2011,,67.34,1.08,337.66,1.0,U.S. Geological Survey,Steel Tape,,
3961503,Robertson,124SMBR,U,1100.0,31.062501,-96.446111,P,4/9/2015,,183.9,41.01,217.1,1.0,Groundwater Conservation District,Electric Line,,
3541601,Rusk,124CRRZ,C,90.0,32.2963889,-94.8972222,P,11/28/2022,1258.0,15.64,-16.04,424.36,1.0,Texas Water Development Board,Electric Line,,Well cover open
3543501,Rusk,124WLCX,C,211.0,32.3144444,-94.6997222,P,12/2/2022,1448.0,60.9,1.42,337.1,1.0,Texas Water Development Board,Steel Tape,,"Spotty, clear enough mark"
3544601,Rusk,124WLCX,C,438.0,32.3141667,-94.5127778,P,12/2/2022,1209.0,59.24,9.31,252.76,1.0,Texas Water Development Board,Steel Tape,,
3549801,Rusk,124CZWX,C,275.0,32.1361111,-94.9413889,X,11/28/2022,1410.0,,,,1.0,Texas Water Development Board,Steel Tape,20,"Could not loosen plug, on super tight."
3550501,Rusk,124CRRZ,C,48.0,32.2080556,-94.8213889,P,11/28/2022,1324.0,32.74,2.77,427.26,1.0,Texas Water Development Board,Electric Line,,
3550801,Rusk,124WLCX,C,624.0,32.1508333,-94.7936111,X,11/29/2022,1005.0,,,,1.0,Texas Water Development Board,Steel Tape,22,Pump off >24hr. Hangs ~320’ ST snapped on way up. Well re-worked last year.
3552701,Rusk,124WLCX,C,302.0,32.1519444,-94.6002778,X,11/29/2022,1653.0,,,,1.0,Texas Water Development Board,Steel Tape,22,Hangs and tape was really spotty pulling it up
3558101,Rusk,124CRRZ,C,31.0,32.0858333,-94.8663889,P,11/28/2022,1454.0,16.46,1.71,363.54,1.0,Texas Water Development Board,Steel Tape,,
3559601,Rusk,124WLCX,C,242.0,32.0580556,-94.6347222,X,11/29/2022,1622.0,,,,1.0,Texas Water Development Board,Steel Tape,31,Well covered by fire ant mound. Can’t even see well head any more.
3559902,Rusk,124WLCX,C,480.0,32.0097222,-94.6641667,X,11/29/2022,1547.0,,,,1.0,Texas Water Development Board,Steel Tape,25,Really spotty. Also a lot of tension when reeling tape up.
3702301,Rusk,124WLCX,C,280.0,31.9911111,-94.7683333,X,11/29/2022,1103.0,,,,1.0,Texas Water Development Board,Steel Tape,22,"Hangs, could not get it past 15’"
3702802,Rusk,124WLCX,C,430.0,31.8925,-94.8258333,P,11/28/2022,1637.0,144.59,0.74,355.41,1.0,Texas Water Development Board,Steel Tape,,
3703201,Rusk,124WLCX,C,370.0,31.9605556,-94.6697222,X,11/30/2022,837.0,,,,1.0,Texas Water Development Board,Steel Tape,22,Hangs in multiple spots couldn’t get it past. Off >12 hours.
3704601,Rusk,124CRRZ,C,315.0,31.9241667,-94.5311111,X,11/29/2022,1418.0,,,,1.0,Texas Water Development Board,Steel Tape,20,Well winterized. Too much tension between wire and steel tape to insert.
3711201,Rusk,124WLCX,C,59.0,31.8683333,-94.7083333,P,11/29/2022,1343.0,48.65,4.35,535.35,1.0,Texas Water Development Board,Steel Tape,,Spotty but good mark.
3625504,Sabine,124CZWX,C,16.0,31.5686111,-93.9194444,X,12/6/2022,1233.0,,,,1.0,Texas Water Development Board,,30,
3625802,Sabine,124CZWX,C,50.0,31.5158333,-93.9180556,X,12/6/2022,1248.0,,,,1.0,Texas Water Development Board,,30,well shed locked and no one home
3634303,Sabine,124CZWX,C,30.0,31.4725,-93.7766667,P,12/6/2022,1202.0,19.41,3.0,193.59,1.0,Texas Water Development Board,Electric Line,,
3748306,Sabine,,C,,31.3456111,-94.0140278,P,12/6/2022,915.0,2.85,-2.36,318.15,1.0,Texas Water Development Board,Electric Line,,visually confirmed
3731605,San Augustine,,C,,31.5500556,-94.1284722,P,12/6/2022,1352.0,9.71,,402.29,1.0,Texas Water Development Board,Electric Line,,
3732111,San Augustine,124CRRZ,C,57.0,31.5866667,-94.1052778,P,12/6/2022,1340.0,41.3,4.88,361.7,1.0,Texas Water Development Board,Electric Line,,
3732709,San Augustine,124CRRZ,C,231.0,31.5105556,-94.1077778,Q,12/6/2022,828.0,79.33,21.52,241.67,1.0,Texas Water Development Board,Steel Tape,7,nearby well was pumping large amounts of water into city lake 2-3 days before measurement.
3738202,San Augustine,,C,,31.475,-94.293,P,12/6/2022,1415.0,16.59,1.9,217.41,1.0,Texas Water Development Board,Electric Line,,
3740307,San Augustine,,C,120.0,31.494,-94.0129444,P,12/6/2022,1315.0,53.4,0.32,277.6,1.0,Texas Water Development Board,Steel Tape,,
3610701,Shelby,124WLCX,C,206.0,31.7722222,-93.86,P,11/30/2022,1543.0,8.22,0.01,181.78,1.0,Texas Water Development Board,Steel Tape,,
3705701,Shelby,124WLCX,C,59.0,31.9158333,-94.4680556,P,11/29/2022,1438.0,17.57,0.35,370.43,1.0,Texas Water Development Board,Electric Line,,
3705703,Shelby,124WLCX,C,260.0,31.9158333,-94.4669444,P,11/29/2022,1451.0,71.15,-0.87,320.85,1.0,Texas Water Development Board,Steel Tape,,
3705905,Shelby,124WLCX,C,737.0,31.9061111,-94.3977778,P,11/30/2022,942.0,182.0,,223.0,1.0,Texas Water Development Board,Air Line,,Couldn’t push PSI past 70 but consistently falling back to 62.
3706101,Shelby,124WLCX,C,263.0,31.9747222,-94.3525,P,12/1/2022,958.0,76.31,0.61,293.69,1.0,Texas Water Development Board,Steel Tape,,Spotty but good mark
3706401,Shelby,124WLCX,C,170.0,31.9164444,-94.3467778,P,12/1/2022,1102.0,51.79,2.46,263.21,1.0,Texas Water Development Board,Steel Tape,,
3707202,Shelby,124WLCX,C,150.0,31.9738889,-94.1969444,P,12/1/2022,1644.0,52.2,-0.4,187.8,1.0,Texas Water Development Board,Steel Tape,,
3707401,Shelby,124WLCX,C,519.0,31.9433333,-94.2447222,X,12/1/2022,1151.0,,,,1.0,Texas Water Development Board,,20,
3708304,Shelby,,C,160.0,31.9689722,-94.0225833,P,12/1/2022,1559.0,26.19,1.04,176.81,1.0,Texas Water Development Board,Steel Tape,,Hangs a little
3708604,Shelby,124WLCX,C,39.0,31.9312222,-94.0018889,P,12/1/2022,1537.0,2.06,0.43,247.94,1.0,Texas Water Development Board,Steel Tape,,
3708701,Shelby,124WLCX,C,139.0,31.8913889,-94.0858333,P,12/1/2022,1312.0,14.07,0.41,200.93,1.0,Texas Water Development Board,Steel Tape,,
3713302,Shelby,124WLCX,C,290.0,31.8627778,-94.3797222,P,11/30/2022,1019.0,99.3,1.6,294.7,1.0,Texas Water Development Board,Steel Tape,,
3714501,Shelby,124WLCX,C,58.0,31.8227778,-94.3305556,P,11/30/2022,1042.0,37.41,0.78,397.59,1.0,Texas Water Development Board,Electric Line,,
3714701,Shelby,124WLCX,C,74.0,31.7547222,-94.3641667,P,11/30/2022,1105.0,40.0,10.24,326.0,1.0,Texas Water Development Board,Electric Line,,"Owner does not use well, has shared well across street."
3715105,Shelby,124WLCX,C,230.0,31.8705556,-94.2147222,P,12/1/2022,1234.0,60.05,2.16,234.95,1.0,Texas Water Development Board,Steel Tape,,
3715401,Shelby,124WLCX,C,48.0,31.8127778,-94.2411111,P,11/30/2022,1136.0,36.23,2.95,345.77,1.0,Texas Water Development Board,Electric Line,,
3716201,Shelby,124WLCX,C,59.0,31.8641667,-94.0816667,P,12/1/2022,1336.0,12.76,0.91,232.24,1.0,Texas Water Development Board,Steel Tape,,
3716302,Shelby,124WLCX,C,25.0,31.8352778,-94.0091667,P,12/1/2022,1431.0,12.6,-0.33,217.4,1.0,Texas Water Development Board,Steel Tape,,
3716701,Shelby,124WLCX,C,42.0,31.7827778,-94.11,P,11/30/2022,1253.0,7.91,0.28,232.09,1.0,Texas Water Development Board,Electric Line,,
3724601,Shelby,124WLCX,C,60.0,31.6694444,-94.0333333,P,11/30/2022,1317.0,29.94,2.55,300.06,1.0,Texas Water Development Board,Electric Line,,
3732301,Shelby,124WLCX,C,50.0,31.6038889,-94.0297222,P,11/30/2022,1455.0,14.43,-1.66,265.57,1.0,Texas Water Development Board,Steel Tape,,
3429503,Smith,124CZWX,C,774.0,32.5830556,-95.4302778,Q,11/17/2022,1050.0,224.7,,165.3,1.0,Texas Water Development Board,Steel Tape,10,Really spotty
3429902,Smith,124CZWX,C,700.0,32.5172222,-95.4097222,X,11/17/2022,1135.0,,,,1.0,Texas Water Development Board,Steel Tape,20,Could not insert tape into MP. Tried to free it up but still could not insert past 3”
3431902,Smith,124CZWX,C,763.0,32.5341667,-95.1411111,X,11/16/2022,1421.0,,,,1.0,Texas Water Development Board,,30,
3438201,Smith,124WLCX,C,750.0,32.4697222,-95.3016667,P,11/17/2022,931.0,499.0,6.0,85.0,1.0,Texas Water Development Board,Air Line,,Pump off >12 hrs. 90’ H2O on meter
3445803,Smith,124CZWX,C,780.0,32.2677778,-95.4325,P,11/18/2022,1026.0,414.21,,5.79,1.0,Texas Water Development Board,Steel Tape,,Off>1.5 hours
3448203,Smith,124CZWX,C,760.0,32.3388889,-95.0433333,P,11/16/2022,934.0,348.08,,200.92,1.0,Texas Water Development Board,Steel Tape,,Muddy/water line but not spotty
3455903,Smith,124WLCX,C,1080.0,32.1441667,-95.1286111,P,11/18/2022,855.0,328.31,,122.69,1.0,Texas Water Development Board,Steel Tape,,Spotty but good mark
3456207,Smith,124CZWX,C,505.0,32.22,-95.0694444,X,11/18/2022,1223.0,,,,1.0,Texas Water Development Board,Steel Tape,20,"Could not insert into MP, clogged"
1641102,Titus,124WLCX,C,34.0,33.3491667,-94.9644444,P,11/9/2022,1600.0,23.95,1.51,302.05,1.0,Texas Water Development Board,Steel Tape,,
1649212,Titus,124WLCX,C,45.0,33.2343889,-94.9472222,P,11/8/2022,1545.0,37.34,5.78,449.66,1.0,Texas Water Development Board,Electric Line,,
1650402,Titus,124WLCX,C,325.0,33.1844444,-94.8563889,P,11/9/2022,735.0,77.5,-2.52,357.5,1.0,Texas Water Development Board,Steel Tape,,
1756304,Titus,124WLCX,C,310.0,33.2294444,-95.0219444,P,11/7/2022,1648.0,12.71,2.2,399.29,1.0,Texas Water Development Board,Steel Tape,,
1756417,Titus,124WLCX,C,300.0,33.1911306,-95.0953806,P,11/7/2022,1624.0,68.24,3.09,383.76,1.0,Texas Water Development Board,Steel Tape,,
3511402,Upshur,124CZWX,C,411.0,32.7966667,-94.7241667,P,11/15/2022,1105.0,118.33,1.51,261.67,1.0,Texas Water Development Board,Steel Tape,,
3511702,Upshur,124WLCX,C,950.0,32.7675,-94.7336111,P,11/15/2022,1012.0,251.85,,146.15,1.0,Texas Water Development Board,Steel Tape,,
3517804,Upshur,124CZWX,C,621.0,32.6322222,-94.9275,P,11/16/2022,1041.0,268.0,4.0,97.0,1.0,Texas Water Development Board,Air Line,,Off >12 hours.
3518303,Upshur,124CRRZ,C,440.0,32.7127278,-94.7594917,Q,11/15/2022,945.0,234.85,,124.15,1.0,Texas Water Development Board,Steel Tape,4,Spotty good mark. POA turned off 25 min.
3518401,Upshur,124CZWX,C,410.0,32.6858333,-94.8361111,P,11/16/2022,1220.0,178.08,-5.73,154.92,1.0,Texas Water Development Board,Steel Tape,,
6959302,Uvalde,124WLCX,U,210.0,29.111112,-99.665278,P,5/18/2012,,80.81,0.76,736.19,1.0,U.S. Geological Survey,Steel Tape,,
3419502,Van Zandt,124WLCX,C,675.0,32.6733333,-95.6694444,P,11/8/2022,1540.0,79.83,2.14,293.17,1.0,Texas Water Development Board,Steel Tape,,
3420707,Van Zandt,124WLCX,C,313.0,32.6636111,-95.6152778,P,11/8/2022,1611.0,29.59,2.44,370.41,1.0,Texas Water Development Board,Steel Tape,,
3425202,Van Zandt,124WLCX,C,180.0,32.5984944,-95.9233472,P,11/9/2022,1005.0,86.77,1.06,431.23,1.0,Texas Water Development Board,Steel Tape,,
3425604,Van Zandt,124WLCX,C,320.0,32.5444444,-95.915,P,11/9/2022,1030.0,147.74,3.94,374.26,1.0,Texas Water Development Board,Steel Tape,,
3428408,Van Zandt,124WLCX,C,34.0,32.5455556,-95.6238889,P,11/8/2022,1645.0,14.41,2.19,455.59,1.0,Texas Water Development Board,Steel Tape,,
3433302,Van Zandt,124WLCX,C,389.0,32.4602778,-95.8863889,Q,11/9/2022,1130.0,188.37,,366.63,1.0,Texas Water Development Board,Steel Tape,10,"Spotty last 30’, muddy last 10’, meas should be within a few feet"
3433401,Van Zandt,124WLCX,C,300.0,32.4463889,-95.9591667,X,11/9/2022,1224.0,,,,1.0,Texas Water Development Board,,"29,30","New gate and fence, walked around outside fence and could not locate well."
3434101,Van Zandt,124WLCX,C,42.0,32.4927778,-95.8583333,X,11/9/2022,1100.0,,,,1.0,Texas Water Development Board,,20,New wellhouse and system. No MP.
3442108,Van Zandt,124CRRZ,C,62.0,32.3602778,-95.855,P,11/9/2022,1202.0,36.51,-1.0,509.49,1.0,Texas Water Development Board,Steel Tape,,
8504401,Webb,124CRRZ,C,1991.0,27.9419444,-99.6227778,X,10/25/2022,1646.0,,,,1.0,Texas Water Development Board,Electric Line,25,E line was giving spotty beeps and then constant beep after reeling back in all the way to surface. Probe was covered in mud/water and could not give accurate depth
6855112,Wilson,124CRRZ,U,300.0,29.241389,-98.213334,P,5/16/2012,,134.14,-2.79,405.86,1.0,U.S. Geological Survey,Steel Tape,,
6862104,Wilson,124CRRZ,C,920.0,29.1213889,-98.3627778,X,10/28/2022,1357.0,,,,1.0,Texas Water Development Board,,30,"Rain this morning, road too muddy to access well."
3407503,Wood,124CZWX,C,300.0,32.9513889,-95.185,P,12/1/2022,1050.0,51.7,1.11,365.3,1.0,Texas Water Development Board,Steel Tape,,
3412803,Wood,124CRRZ,C,44.0,32.7879167,-95.5664722,P,12/2/2022,829.0,4.71,-2.59,450.29,1.0,Texas Water Development Board,Steel Tape,,Raining
3413308,Wood,124WLCX,C,409.0,32.8648611,-95.4068056,P,12/1/2022,1152.0,103.18,,329.82,1.0,Texas Water Development Board,Steel Tape,,
3413401,Wood,124WLCX,C,500.0,32.8205556,-95.4925,P,12/1/2022,1555.0,137.03,2.87,317.97,1.0,Texas Water Development Board,Steel Tape,,
3413601,Wood,124WLCX,C,977.0,32.8096944,-95.3842778,P,12/1/2022,1245.0,180.19,-15.37,274.81,1.0,Texas Water Development Board,Steel Tape,,"Oily, clean mark"
3421302,Wood,124CZWX,C,672.0,32.7292222,-95.389,P,12/1/2022,1517.0,60.7,0.66,340.3,1.0,Texas Water Development Board,Steel Tape,,
3421501,Wood,124CZWX,C,500.0,32.6879167,-95.41875,P,12/1/2022,1455.0,77.7,1.27,360.3,1.0,Texas Water Development Board,Electric Line,,
3423410,Wood,124WLCX,C,901.0,32.6831667,-95.215,P,12/1/2022,1346.0,242.2,-14.94,169.8,1.0,Texas Water Development Board,Steel Tape,,
6958701,Zavala,124CRRZ,C,182.0,29.012675,-99.8454639,P,10/11/2022,1716.0,140.59,0.38,641.41,1.0,Texas Water Development Board,Electric Line,,
6958719,Zavala,,C,,29.0139333,-99.8542278,P,10/11/2022,1734.0,155.63,-0.24,635.37,1.0,Texas Water Development Board,Steel Tape,,
6958807,Zavala,124CRRZ,C,140.0,29.0070806,-99.8155167,P,10/11/2022,1654.0,70.49,3.57,681.51,1.0,Texas Water Development Board,Steel Tape,,
7624906,Zavala,124CRRZ,C,438.0,28.6644444,-100.0191667,X,10/11/2022,1100.0,,,,1.0,Texas Water Development Board,,29,
7701701,Zavala,124CRRZ,U,202.0,28.885,-99.996945,P,5/18/2012,,196.76,1.96,480.24,1.0,U.S. Geological Survey,Steel Tape,,
7701702,Zavala,124CRRZ,C,308.0,28.9160333,-99.9952194,X,10/11/2022,1325.0,,,,1.0,Texas Water Development Board,,19,
7702124,Zavala,,C,275.0,28.9959833,-99.8479611,P,10/11/2022,1634.0,186.69,7.62,589.31,1.0,Texas Water Development Board,Steel Tape,,
7704431,Zavala,124CRRZ,C,807.0,28.9541083,-99.6188667,P,10/11/2022,829.0,386.0,,327.0,1.0,Texas Water Development Board,Air Line,,Confirmed pump depth at 589’
7709101,Zavala,124CRRZ,C,632.0,28.8566667,-99.9752778,P,10/11/2022,1223.0,371.57,,295.43,1.0,Texas Water Development Board,Electric Line,,
7710601,Zavala,124CRRZ,B,1053.0,28.8152778,-99.7588889,P,7/25/2023,,470.77,,157.23,1.0,Groundwater Conservation District,Continuous Acoustic Technology,,
7712702,Zavala,124CRRZ,C,4698.0,28.7533333,-99.6033333,X,10/11/2022,924.0,,,,1.0,Texas Water Development Board,,30,
LookupAquiferCode,LookupAquiferCodeDescription,,,,,,,,,,,,,,,,
124CABF,Calvert Bluff Formation,,,,,,,,,,,,,,,,
124CRRZ,Carrizo Sand,,,,,,,,,,,,,,,,
124CZWX,"Carrizo Sand and Wilcox Group, Undifferentiated",,,,,,,,,,,,,,,,
124HOOP,Hooper Formation,,,,,,,,,,,,,,,,
124INDO,Indio Formation,,,,,,,,,,,,,,,,
124SMBR,Simsboro Sand Member of Rockdale Formation,,,,,,,,,,,,,,,,
124WLCX,Wilcox Group,,,,,,,,,,,,,,,,
125THCN,Tehuacana Member of Kincaid Formation,,,,,,,,,,,,,,,,
UNKNOWN,Aquifer Not Able to be Determined,,,,,,,,,,,,,,,,
LookupObsCode,LookupObsTypeDescription,,,,,,,,,,,,,,,,
B,GCD Current Sensor,,,,,,,,,,,,,,,,
C,TWDB Current Site Visit,,,,,,,,,,,,,,,,
U,USGS Current Site Visit,,,,,,,,,,,,,,,,
LookupStatusCode,LookupStatusDescription,,,,,,,,,,,,,,,,
P,Publishable,,,,,,,,,,,,,,,,
Q,Questionable,,,,,,,,,,,,,,,,
X,No Measurement,,,,,,,,,,,,,,,,
,,,,,,,,,,,,,,,,,
LookupRemarkId,LookupRemarkDescription,,,,,,,,,,,,,,,,
1,Accurately reflects water level conditions,,,,,,,,,,,,,,,,
2,Pumping-level measurement,,,,,,,,,,,,,,,,
3,Well or wells pumping nearby,,,,,,,,,,,,,,,,
4,Well pumped recently,,,,,,,,,,,,,,,,
5,Water level possibly affected by recent rain or flooding,,,,,,,,,,,,,,,,
7,Artificial recharge operation at or near well,,,,,,,,,,,,,,,,
8,Deviation due to recompletion in different zone,,,,,,,,,,,,,,,,
10,Inconsistent or spotty tape mark due to wet or leaking casing,,,,,,,,,,,,,,,,
11,Airline tubing possibly leaking air,,,,,,,,,,,,,,,,
12,Uncertain of reason for questionable measurement,,,,,,,,,,,,,,,,
13,Measurement deleted after review,,,,,,,,,,,,,,,,
14,Measurement may be from incorrect well,,,,,,,,,,,,,,,,
15,Tape may not have fallen free in well during measurement,,,,,,,,,,,,,,,,
16,Tape marked with oil or gasoline,,,,,,,,,,,,,,,,
17,Measurement before well completion,,,,,,,,,,,,,,,,
19,Well pumping,,,,,,,,,,,,,,,,
20,Unable to insert tape into well,,,,,,,,,,,,,,,,
21,Unable to reach water level with available measuring equipment,,,,,,,,,,,,,,,,
22,Unable to measure because tape hangs before reaching water level,,,,,,,,,,,,,,,,
23,Well apparently blocked or caved,,,,,,,,,,,,,,,,
24,"Well apparently dry, well depth reached without water level",,,,,,,,,,,,,,,,
25,Unable to measure due to wet or leaking casing,,,,,,,,,,,,,,,,
26,Unable to measure due to leaking airline tubing,,,,,,,,,,,,,,,,
27,Well flowing and unable to shut-in,,,,,,,,,,,,,,,,
28,Uncertain of reason for no measurement,,,,,,,,,,,,,,,,
29,Unable to locate well,,,,,,,,,,,,,,,,
30,"Well temporarily inaccessible due to impassable roads, locked gate, etc.",,,,,,,,,,,,,,,,
31,Well temporarily inaccessible due to vicious animals,,,,,,,,,,,,,,,,
32,Well temporarily inaccessible due to winterization or debris,,,,,,,,,,,,,,,,
35,Well removed from Water Level Program (no reason stated - outside source),,,,,,,,,,,,,,,,
36,Well removed from Water Level Program,,,,,,,,,,,,,,,,
37,No measurement due to admin decision,,,,,,,,,,,,,,,,
38,No measurement due to COVID-19,,,,,,,,,,,,,,,,
