StateWellNumber,County,AquiferCode,ObsCode,WellDepth,LatitudeDD,LongitudeDD,StatusCode,Date,Time,WaterLevel,Change,WaterElevation,MeasNumber,MeasuringAgency,MethodOfMeasurement,RemarkID,Comments
2751902,Andrews,218ALRS,C,132.0,32.1263889,-102.6416667,P,12/14/2022,1717.0,58.5,0.01,3111.5,1.0,Texas Water Development Board,Electric Line,,Good static WL measurement
5350601,Brewster,218EDRDA,D,312.0,30.1713889,-102.7808333,P,4/24/2020,,195.73,0.41,3629.27,1.0,Groundwater Conservation District,Electric Line,,
4310603,Coke,218FKBT,C,59.0,31.8319528,-100.7831056,X,2/27/2023,1200.0,,,,1.0,Texas Water Development Board,,37,Ran out of time to visit.
4319104,Coke,218FKBT,C,69.0,31.7153806,-100.7230833,X,2/27/2023,1200.0,,,,1.0,Texas Water Development Board,,37,Ran out of time to visit.
4241801,Concho,218EDRDA,D,32.0,31.269722,-99.941945,P,4/21/2017,,23.37,-0.43,2074.63,1.0,Groundwater Conservation District,Electric Line,,
4249803,Concho,210CRCS,D,127.0,31.155,-99.945,P,7/22/2016,,95.64,-0.27,2066.36,1.0,Groundwater Conservation District,Electric Line,,
4459810,Crockett,218EDDT,D,364.0,31.014445,-101.698889,X,12/28/2021,,,,,1.0,Groundwater Conservation District,,30,"No Measurement, Overgrown"
4461403,Crockett,218EDRDA,D,400.0,31.066112,-101.461389,P,1/3/2023,,283.75,-1.06,2306.25,1.0,Groundwater Conservation District,Steel Tape,,
4464803,Crockett,218EDRDA,D,397.0,31.037778,-101.063056,X,1/3/2023,,,,,1.0,Groundwater Conservation District,Steel Tape,28,No measurement/ Solar pump
5405404,Crockett,218EDRDA,D,321.0,30.921389,-101.491389,P,5/23/2023,,264.84,-2.09,2215.16,1.0,Groundwater Conservation District,Electric Line,,
5406505,Crockett,218EDDT,D,,30.923333,-101.316944,P,5/23/2023,,401.37,-0.13,2250.63,1.0,Groundwater Conservation District,Electric Line,,
5407104,Crockett,218EDRDA,D,487.0,30.976944,-101.211112,P,6/24/2013,,311.07,-3.17,2298.93,1.0,Groundwater Conservation District,Electric Line,,
5407803,Crockett,218EDRDA,D,458.0,30.881944,-101.178055,P,1/3/2023,,400.1,3.9,2181.9,1.0,Groundwater Conservation District,Electric Line,,
5410806,Crockett,218EDDT,D,107.0,30.785834,-101.806389,X,7/26/2022,,,,,1.0,Groundwater Conservation District,,30,No Measurement
5411501,Crockett,218EDDT,D,275.0,30.815278,-101.700278,P,6/19/2023,,147.28,-6.03,2197.72,1.0,Groundwater Conservation District,Electric Line,,
5411502,Crockett,218EDDT,D,258.0,30.815278,-101.697222,P,6/19/2023,,137.33,-1.04,2192.67,1.0,Groundwater Conservation District,Electric Line,,
5411801,Crockett,218EDDT,D,,30.786945,-101.695,P,12/29/2022,,95.23,1.28,2165.77,1.0,Groundwater Conservation District,Electric Line,,
5413408,Crockett,218EDDT,D,241.0,30.803334,-101.486389,P,12/29/2022,,153.46,-3.7,2185.54,1.0,Groundwater Conservation District,Electric Line,,
5413707,Crockett,218EDDT,D,270.0,30.766112,-101.493611,P,12/29/2022,,206.51,-2.05,2153.49,1.0,Groundwater Conservation District,Electric Line,,
5415304,Crockett,218EDRDA,D,420.0,30.833889,-101.158334,X,12/21/2022,,,,,1.0,Groundwater Conservation District,,19,"Pump running, no measurement"
5416402,Crockett,218EDRDA,D,395.0,30.808889,-101.105278,P,12/21/2022,,310.93,-0.77,2178.07,1.0,Groundwater Conservation District,Electric Line,,
5418605,Crockett,218EDRDA,D,,30.705278,-101.788611,P,6/19/2023,,96.21,-0.89,2167.79,1.0,Groundwater Conservation District,Electric Line,,
5419804,Crockett,218ALRS,D,178.0,30.659445,-101.685,P,6/19/2023,,129.32,-0.25,2018.68,1.0,Groundwater Conservation District,Electric Line,,
5421507,Crockett,218EDRDA,D,,30.694445,-101.449167,P,12/29/2022,,136.76,-0.06,2102.24,1.0,Groundwater Conservation District,Transducer,,
5423408,Crockett,218EDRDA,D,,30.700278,-101.233055,P,12/29/2022,,291.91,-0.19,2062.09,1.0,Groundwater Conservation District,Electric Line,,
5424206,Crockett,218EDRDA,D,460.0,30.746945,-101.045834,P,6/1/2023,,332.0,-10.35,2143.0,1.0,Groundwater Conservation District,Electric Line,,
5424402,Crockett,218EDRDA,D,420.0,30.687222,-101.091945,P,6/1/2023,,357.79,0.12,2126.21,1.0,Groundwater Conservation District,Electric Line,,
5428405,Crockett,218EDDT,D,538.0,30.583055,-101.609167,P,6/15/2023,,523.46,-4.63,2005.54,1.0,Groundwater Conservation District,Electric Line,,
5431504,Crockett,218EDRDA,D,333.0,30.561389,-101.186111,P,6/12/2023,,275.01,-1.42,2024.99,1.0,Groundwater Conservation District,Electric Line,,
5435903,Crockett,218EDRDA,D,274.0,30.402223,-101.634445,P,12/29/2022,,210.79,-0.56,1832.21,1.0,Groundwater Conservation District,Electric Line,,
5436903,Crockett,218EDRDA,D,454.0,30.396111,-101.530278,P,12/29/2022,,442.65,-0.45,1891.35,1.0,Groundwater Conservation District,Electric Line,,
5437408,Crockett,218EDDT,D,127.0,30.417778,-101.481389,P,6/15/2023,,97.73,-0.93,1882.27,1.0,Groundwater Conservation District,Electric Line,,
5438104,Crockett,218EDRDA,D,477.0,30.4627778,-101.3586111,X,7/29/2022,,,,,1.0,Groundwater Conservation District,,28,No Measurement
5440805,Crockett,218EDRDA,D,453.0,30.388056,-101.081944,P,6/12/2023,,249.82,-5.12,1895.18,1.0,Groundwater Conservation District,Electric Line,,
5444506,Crockett,218EDRDA,D,196.0,30.301389,-101.547222,P,6/15/2023,,87.32,-0.21,1732.68,1.0,Groundwater Conservation District,Electric Line,,
5445502,Crockett,218EDRDA,D,,30.314167,-101.444722,P,6/12/2023,,225.31,-2.66,1797.69,1.0,Groundwater Conservation District,Electric Line,,
5447205,Crockett,218EDRDA,D,400.0,30.371111,-101.173889,P,6/12/2023,,248.76,-1.04,1927.24,1.0,Groundwater Conservation District,Electric Line,,
5525107,Crockett,218EDRDA,D,,30.589445,-100.999167,X,1/3/2023,,,,,1.0,Groundwater Conservation District,,28,No measurment obtained
5533403,Crockett,218EDRDA,D,175.0,30.42,-100.984722,X,12/1/2022,,,,,1.0,Groundwater Conservation District,,28,No measurment obtained
4755105,Culberson,217CRCSL,C,,31.2291,-104.2321694,P,2/15/2023,1042.0,161.47,,3473.53,1.0,Texas Water Development Board,Steel Tape,,Winterized; limited access for e-line. No pumping.
2759903,Ector,218ALRS,C,96.0,32.0344444,-102.6569444,P,3/1/2023,1015.0,46.91,-0.24,3092.09,1.0,Texas Water Development Board,Electric Line,,
2760403,Ector,218ALRS,C,106.0,32.0595278,-102.6023694,P,3/1/2023,935.0,47.54,-3.36,3056.46,1.0,Texas Water Development Board,Electric Line,,Good static WL
2760504,Ector,218ALRS,C,,32.0461833,-102.5419,Q,3/1/2023,843.0,45.7,-1.32,3019.3,1.0,Texas Water Development Board,Steel Tape,15,Tape hangs at WL
2760701,Ector,218ALRS,C,114.0,32.0363528,-102.6127778,P,3/1/2023,922.0,56.26,-0.21,3055.74,1.0,Texas Water Development Board,Electric Line,,Good static WL
2761401,Ector,218ALRS,C,124.0,32.0480556,-102.4827778,P,3/1/2023,759.0,64.84,-11.53,2971.16,1.0,Texas Water Development Board,Steel Tape,,Pump was off on arrival.
2761804,Ector,218ALRS,C,130.0,32.0333333,-102.4466667,P,3/1/2023,735.0,55.59,0.38,2932.41,1.0,Texas Water Development Board,Electric Line,,Pump was off on arrival.
2762801,Ector,218ALRS,C,147.0,32.0413028,-102.2967333,P,3/1/2023,1525.0,117.57,-10.67,2807.43,1.0,Texas Water Development Board,Electric Line,,
4503301,Ector,218ALRS,C,120.0,31.959541,-102.640099,P,3/1/2023,1116.0,42.78,-1.41,3088.22,1.0,Texas Water Development Board,Steel Tape,,Pump was off on arrival.
4504120,Ector,218ALRS,C,170.0,31.9888889,-102.6152778,P,3/1/2023,1038.0,100.9,-4.3,3071.1,1.0,Texas Water Development Board,Steel Tape,,Hangs at 104 ft. Measured 3x. Good mark.
4504201,Ector,218ALRS,C,105.0,31.9669444,-102.5536111,Q,3/1/2023,1445.0,77.94,-0.08,2997.06,1.0,Texas Water Development Board,Steel Tape,4,Pumping very little water on arrival. Turned off pump for 20 min.
4504306,Ector,218ALRS,C,,31.9818833,-102.5075278,P,3/1/2023,1400.0,68.65,-1.56,2981.35,1.0,Texas Water Development Board,Electric Line,,Not pumping on arrival. But windmill spinning very slowly.
4504903,Ector,218ALRS,C,,31.9109722,-102.5351528,X,3/1/2023,1240.0,,,,1.0,Texas Water Development Board,Steel Tape,20,Cannot insert tape into well. Windmill cannot stop after brake engaged
4505502,Ector,218ALRS,C,112.0,31.935,-102.4583333,P,3/1/2023,1325.0,79.66,1.06,2919.34,1.0,Texas Water Development Board,Steel Tape,,Pump was off on arrival.
4505607,Ector,218ALRS,C,180.0,31.9194,-102.404075,P,3/1/2023,1718.0,86.13,-0.73,2869.87,1.0,Texas Water Development Board,Electric Line,,
4505916,Ector,218ALRS,C,155.0,31.8941667,-102.3911111,P,3/1/2023,1707.0,46.62,-0.51,2904.38,1.0,Texas Water Development Board,Electric Line,,
4512104,Ector,218ALRS,C,200.0,31.8338889,-102.5880556,P,3/1/2023,1157.0,174.37,-2.77,2960.63,1.0,Texas Water Development Board,Steel Tape,,
4514502,Ector,218ALRS,C,104.0,31.8238889,-102.2972222,P,2/28/2023,1651.0,27.56,-0.41,2834.44,1.0,Texas Water Development Board,Electric Line,,
4521304,Ector,218ALRS,C,154.0,31.7322222,-102.3825,P,2/28/2023,1620.0,94.44,0.12,2825.56,1.0,Texas Water Development Board,Electric Line,,
5544801,Edwards,218EDRDA,C,420.0,30.2665333,-100.5658889,P,2/10/2023,1118.0,364.34,0.6,1929.66,1.0,Texas Water Development Board,Steel Tape,,
5561904,Edwards,218EDRDA,C,310.0,30.013875,-100.4017417,P,2/8/2023,1110.0,335.59,,1900.41,1.0,Texas Water Development Board,Steel Tape,,
5563709,Edwards,218EDRDA,C,625.0,30.0154056,-100.2118667,P,2/8/2023,824.0,423.0,0.0,1981.0,1.0,Texas Water Development Board,Air Line,,
5563803,Edwards,218EDRDA,C,563.0,30.0183472,-100.2079861,P,2/8/2023,811.0,418.0,1.0,1987.0,1.0,Texas Water Development Board,Air Line,,
5564504,Edwards,218EDDT,C,420.0,30.08175,-100.0824722,P,2/7/2023,1644.0,351.49,-0.87,1991.51,1.0,Texas Water Development Board,Steel Tape,,
7007901,Edwards,218EDRDA,C,418.0,29.9040833,-100.1445278,X,2/7/2023,1611.0,,,,1.0,Texas Water Development Board,,19,"Well POA, pump brake is broken and wind is BLOWING"
7007902,Edwards,218EDRDA,C,380.0,29.8926944,-100.1346944,Q,2/7/2023,1552.0,309.24,-21.1,1847.76,1.0,Texas Water Development Board,Steel Tape,10,"E line was giving me issues, tape was very very spotty"
7021301,Edwards,218EDRDA,C,74.0,29.7275,-100.4105556,Q,2/8/2023,922.0,70.54,9.87,1680.46,1.0,Texas Water Development Board,Steel Tape,12,Used old pump shaft to clear obstruction at ~10ft
5640701,Gillespie,218FKBG,D,121.0,30.3992778,-99.1209444,P,5/2/2023,,63.7,-0.9,1816.3,1.0,Groundwater Conservation District,Sonic/Laser Device,,
5640901,Gillespie,218FKBG,D,180.0,30.3941667,-99.0152778,P,10/29/2014,,128.9,0.3,1969.1,1.0,Groundwater Conservation District,Pressure Gage,,
5647406,Gillespie,218FKBG,D,160.0,30.2970278,-99.2441667,P,5/1/2023,,35.4,-0.1,2003.6,1.0,Groundwater Conservation District,Steel Tape,,
5647507,Gillespie,218FKBG,D,200.0,30.3125,-99.2027778,P,10/28/2015,,127.1,-15.28,2022.9,1.0,Groundwater Conservation District,Steel Tape,,
5647603,Gillespie,218FKBG,D,160.0,30.2991944,-99.1565833,P,5/1/2023,,52.0,0.1,2006.0,1.0,Groundwater Conservation District,Sonic/Laser Device,,
5648103,Gillespie,218FKBG,C,180.0,30.33525,-99.1238056,P,10/21/2022,1742.0,117.76,0.64,2024.24,1.0,Texas Water Development Board,Electric Line,,Pump off for roughly one day
5648301,Gillespie,218FKBG,D,200.0,30.3386111,-99.0361111,P,10/28/2014,,167.15,0.23,2032.85,1.0,Groundwater Conservation District,Pressure Gage,,
5648503,Gillespie,218FKBG,D,160.0,30.3311944,-99.0819722,P,4/28/2023,,91.32,-2.68,1993.68,1.0,Groundwater Conservation District,Sonic/Laser Device,,
5648804,Gillespie,218FKBG,D,140.0,30.2762222,-99.0714444,P,4/28/2023,,66.4,0.6,1999.6,1.0,Groundwater Conservation District,Sonic/Laser Device,,
5655603,Gillespie,218FKBG,D,207.0,30.1869444,-99.1597222,P,5/18/2022,,86.3,0.0,1998.7,1.0,Groundwater Conservation District,Sonic/Laser Device,,
5733803,Gillespie,218FKBG,D,195.0,30.382,-98.9181944,P,4/28/2023,,148.8,1.0,2034.2,1.0,Groundwater Conservation District,Sonic/Laser Device,,
5733903,Gillespie,218FKBG,D,207.0,30.4105833,-98.9036389,P,4/28/2023,,89.3,-0.2,1971.7,1.0,Groundwater Conservation District,Steel Tape,,
5734702,Gillespie,218FKBG,D,157.0,30.394445,-98.859167,P,11/4/2015,,112.3,0.2,1972.7,1.0,Groundwater Conservation District,Electric Line,,
4411707,Glasscock,218ALRS,D,125.0,31.788056,-101.7175,P,11/30/2022,,73.3,1.6,2586.7,1.0,Groundwater Conservation District,Steel Tape,,
4411708,Glasscock,218ALRS,D,,31.759723,-101.713612,P,12/15/2022,,133.7,1.2,2604.3,1.0,Groundwater Conservation District,Electric Line,,
4411808,Glasscock,218ALRS,D,,31.759445,-101.667778,P,1/9/2023,,152.6,-2.9,2544.4,1.0,Groundwater Conservation District,Electric Line,,
4411809,Glasscock,218ALRS,D,,31.757778,-101.705001,P,12/15/2022,,123.7,4.9,2578.3,1.0,Groundwater Conservation District,Steel Tape,,
4412302,Glasscock,218ALRS,D,114.0,31.854445,-101.511389,P,11/29/2022,,121.2,2.4,2493.8,1.0,Groundwater Conservation District,Electric Line,,
4412409,Glasscock,218ALRS,D,,31.820555,-101.6225,P,12/5/2022,,165.3,-0.4,2550.7,1.0,Groundwater Conservation District,Electric Line,,
4412526,Glasscock,218ALRS,D,,31.828611,-101.579444,Q,12/5/2022,,188.0,0.5,2528.0,1.0,Groundwater Conservation District,Steel Tape,15,"questionable measurement, tape does not fall free; muddy tape at 12ft; measurement shows to be consistent with previous measurement"
4412610,Glasscock,218ALRS,D,350.0,31.7952778,-101.5358333,P,1/24/2017,,235.91,-0.59,2486.09,1.0,Groundwater Conservation District,Transducer,,
4412705,Glasscock,218ALRS,D,315.0,31.788334,-101.597222,P,12/5/2022,,178.8,1.2,2534.2,1.0,Groundwater Conservation District,Steel Tape,,
4412724,Glasscock,218ALRS,D,,31.778889,-101.600556,X,12/5/2022,,,,,1.0,Groundwater Conservation District,,30,"no measurment, temporary hazardous condition for measurer"
4412725,Glasscock,218ALRS,D,,31.772778,-101.618333,P,12/5/2022,,176.8,-1.1,2532.2,1.0,Groundwater Conservation District,Steel Tape,,
4413102,Glasscock,218ALRS,D,216.0,31.855556,-101.490278,P,11/29/2022,,112.5,0.1,2504.5,1.0,Groundwater Conservation District,Electric Line,,
4413103,Glasscock,218ALRS,D,200.0,31.851667,-101.479722,P,11/30/2022,,97.7,0.3,2507.3,1.0,Groundwater Conservation District,Electric Line,,
4413321,Glasscock,218ALRS,D,233.0,31.839445,-101.406667,P,12/12/2022,,76.6,1.0,2468.4,1.0,Groundwater Conservation District,Electric Line,,
4413401,Glasscock,218ALRS,D,216.0,31.804445,-101.466944,P,11/30/2022,,99.8,2.9,2498.2,1.0,Groundwater Conservation District,Electric Line,,
4413410,Glasscock,218ALRS,D,300.0,31.809445,-101.480278,P,11/30/2022,,110.4,4.7,2489.6,1.0,Groundwater Conservation District,Electric Line,,
4413718,Glasscock,218ALRS,D,,31.788056,-101.478333,X,11/30/2022,,,,,1.0,Groundwater Conservation District,,30, no measurement; road temp. inaccessible; new fence installed
4413904,Glasscock,218ALRS,D,310.0,31.761112,-101.407501,P,1/7/2020,,198.6,,2503.4,1.0,Groundwater Conservation District,Steel Tape,,
4419210,Glasscock,218ALRS,D,,31.721667,-101.693056,P,12/15/2022,,176.1,2.7,2534.9,1.0,Groundwater Conservation District,Steel Tape,,
4419307,Glasscock,218ALRS,D,,31.740278,-101.659723,X,12/12/2022,,,,,1.0,Groundwater Conservation District,,32,no measurement; well temp. inaccessible; covered with debris
4419309,Glasscock,218ALRS,D,,31.734445,-101.629722,P,12/12/2022,,196.2,0.4,2525.8,1.0,Groundwater Conservation District,Electric Line,,
4419514,Glasscock,218ALRS,D,,31.670833,-101.668055,P,11/30/2022,,188.5,1.1,2508.5,1.0,Groundwater Conservation District,Electric Line,,
4419910,Glasscock,218ALRS,D,,31.666389,-101.645556,P,11/29/2022,,201.4,9.75,2490.6,1.0,Groundwater Conservation District,Electric Line,,
4420114,Glasscock,218ALRS,D,,31.709167,-101.585278,P,11/29/2022,,181.9,-1.2,2508.1,1.0,Groundwater Conservation District,Electric Line,,
4420239,Glasscock,218ALRS,D,,31.718333,-101.566389,P,11/29/2022,,192.1,-0.5,2487.9,1.0,Groundwater Conservation District,Steel Tape,,
4420240,Glasscock,218ALRS,D,,31.7475,-101.573055,P,12/12/2022,,167.0,-0.5,2517.0,1.0,Groundwater Conservation District,Electric Line,,
4420305,Glasscock,218ALRS,D,321.0,31.737222,-101.5225,Q,1/8/2021,,210.0,0.0,2480.0,1.0,Groundwater Conservation District,Steel Tape,15,Tape hangs; Unsure of measurement
4420306,Glasscock,218ALRS,D,237.0,31.713889,-101.540556,P,11/29/2022,,210.8,-1.4,2470.2,1.0,Groundwater Conservation District,Steel Tape,,
4420402,Glasscock,218ALRS,D,320.0,31.700001,-101.588056,P,11/29/2022,,201.7,-2.8,2490.3,1.0,Groundwater Conservation District,Electric Line,,
4420426,Glasscock,218ALRS,D,,31.680833,-101.608889,X,11/29/2022,,,,,1.0,Groundwater Conservation District,Steel Tape,22,no measurement; tape hangs at 180 ft.
4420612,Glasscock,218ALRS,D,,31.678333,-101.501667,P,1/8/2020,,252.7,24.6,2434.3,1.0,Groundwater Conservation District,Electric Line,,
4420710,Glasscock,218ALRS,D,380.0,31.6566667,-101.5988889,Q,12/12/2022,,221.1,-8.5,2470.9,1.0,Groundwater Conservation District,Electric Line,10,questionable measurement; casing wet or leaking
4421127,Glasscock,218ALRS,D,,31.714445,-101.486667,P,11/30/2022,,253.7,100.8,2448.3,1.0,Groundwater Conservation District,Steel Tape,,
2853708,Howard,218ALRS,D,75.0,32.160001,-101.4875,P,1/28/2022,,75.3,-1.7,2514.7,1.0,Groundwater Conservation District,Steel Tape,,
2862102,Howard,218ALRS,D,289.0,32.108334,-101.363334,P,1/31/2022,,230.1,2.6,2551.9,1.0,Groundwater Conservation District,Steel Tape,,
4326901,Irion,218EDDT,D,139.0,31.523333,-100.780278,P,6/21/2023,,112.41,1.74,2173.59,1.0,Groundwater Conservation District,Electric Line,,
4341505,Irion,218ALRS,D,,31.2930556,-100.9305556,X,6/26/2023,,,,,1.0,Groundwater Conservation District,Steel Tape,21,Fracking occuring within a mile;  Unable to pass -139 ft so no measurment recorded
4351401,Irion,218ALRS,D,51.0,31.185556,-100.736389,P,6/23/2023,,41.8,,2164.2,1.0,Groundwater Conservation District,Electric Line,,
4357103,Irion,218EDRDA,D,200.0,31.109167,-100.986667,P,6/20/2023,,185.92,1.46,2214.08,1.0,Groundwater Conservation District,Electric Line,,
4439303,Irion,218EDRDA,D,55.0,31.4888889,-101.1458333,P,6/27/2023,,29.52,-0.95,2320.48,1.0,Groundwater Conservation District,Steel Tape,,
4447904,Irion,218EDRDA,D,309.0,31.285,-101.162778,P,6/20/2023,,180.22,11.58,2308.78,1.0,Groundwater Conservation District,Electric Line,,
4455904,Irion,218EDRDA,D,160.0,31.1327778,-101.1283333,P,6/20/2023,,113.55,53.04,2419.45,1.0,Groundwater Conservation District,Electric Line,,Measurement is Accurate
4463102,Irion,218EDRDA,D,160.0,31.1155556,-101.2230556,P,6/20/2023,,104.61,1.62,2505.39,1.0,Groundwater Conservation District,Electric Line,,
5202401,Jeff Davis,210CRCS,C,96.0,30.9368083,-103.8525167,P,11/30/2022,1233.0,77.8,-3.94,3475.2,1.0,Texas Water Development Board,Electric Line,,Solar pump off upon arrival
5643802,Kerr,218GLRSU,D,305.0,30.283055,-99.708056,P,7/24/2023,,217.97,8.64,1931.03,1.0,Groundwater Conservation District,Electric Line,,
5651101,Kerr,218GLRSU,D,355.0,30.2366667,-99.7127778,Q,7/24/2023,,254.12,0.5,1899.88,1.0,Groundwater Conservation District,Electric Line,12,
5652803,Kerr,,D,380.0,30.155001,-99.5675,P,4/2/2018,,224.1,0.0,1962.9,1.0,Groundwater Conservation District,Electric Line,,
5652804,Kerr,,D,380.0,30.161389,-99.580555,P,7/24/2023,,224.62,-1.63,1930.38,1.0,Groundwater Conservation District,Electric Line,,
5652805,Kerr,,D,360.0,30.1530556,-99.5688889,P,7/24/2023,,263.52,0.04,1923.48,1.0,Groundwater Conservation District,Electric Line,,
5652806,Kerr,,D,850.0,30.1511111,-99.5680556,P,7/24/2023,,623.12,-1.75,1561.88,1.0,Groundwater Conservation District,Electric Line,,
5653401,Kerr,218GLRSU,D,400.0,30.176667,-99.463334,P,7/24/2023,,204.87,0.21,1920.13,1.0,Groundwater Conservation District,Electric Line,,
5654107,Kerr,,D,310.0,30.248056,-99.360834,P,4/29/2014,,202.7,4.4,1978.3,1.0,Groundwater Conservation District,Electric Line,,
5659302,Kerr,218TRNT,D,410.0,30.11,-99.6394444,P,7/24/2023,,325.58,8.03,2016.42,1.0,Groundwater Conservation District,Electric Line,,
5659601,Kerr,218GLRSU,D,395.0,30.076389,-99.635834,Q,7/24/2023,,219.71,0.54,2024.29,1.0,Groundwater Conservation District,Electric Line,2,Kinsel#2 pumping.
5660701,Kerr,218FKBG,D,260.0,30.008889,-99.622778,P,8/15/2016,,166.1,-9.5,2072.9,1.0,Groundwater Conservation District,Electric Line,,
5661102,Kerr,218EDDT,D,210.0,30.1175,-99.4922222,P,7/24/2023,,170.35,-0.01,1982.65,1.0,Groundwater Conservation District,Electric Line,,
5661706,Kerr,,D,280.0,30.024167,-99.482778,P,7/26/2023,,160.17,-1.42,2008.83,1.0,Groundwater Conservation District,Electric Line,,
5661803,Kerr,,D,340.0,30.0274444,-99.4350556,P,7/26/2023,,144.96,0.12,2004.04,1.0,Groundwater Conservation District,Sonic/Laser Device,,
5664302,Kerr,,D,231.0,30.1144167,-99.0356111,P,7/25/2023,,77.13,0.25,1932.87,1.0,Groundwater Conservation District,Electric Line,,
6905901,Kerr,218EDRDA,D,360.0,29.9163889,-99.3955556,P,7/24/2023,,296.45,0.07,1963.55,1.0,Groundwater Conservation District,Electric Line,,
5532507,Kimble,218EDRDA,D,200.0,30.582222,-100.060001,X,6/16/2023,,,,,1.0,Groundwater Conservation District,Electric Line,28,
5620411,Kimble,218TRNT,D,120.0,30.6705556,-99.5947222,P,6/19/2023,,21.0,0.0,1697.0,1.0,Groundwater Conservation District,Electric Line,,
5625509,Kimble,218EDRDA,D,180.0,30.5813889,-99.9172222,Q,6/16/2023,,100.7,-17.7,2053.3,1.0,Groundwater Conservation District,Electric Line,12,
5625906,Kimble,218HNSL,D,110.0,30.523611,-99.881389,P,6/16/2023,,80.7,-0.1,1729.3,1.0,Groundwater Conservation District,Electric Line,,
5626608,Kimble,218EDRDA,D,125.0,30.58,-99.787778,P,6/16/2023,,89.5,-0.9,1986.5,1.0,Groundwater Conservation District,Electric Line,,
5627101,Kimble,218EDRDA,D,140.0,30.618611,-99.744722,P,6/16/2023,,89.3,-1.4,1940.7,1.0,Groundwater Conservation District,Electric Line,,
5628408,Kimble,218TRNT,D,120.0,30.5754389,-99.6173722,P,6/19/2023,,28.2,-0.3,1699.8,1.0,Groundwater Conservation District,Electric Line,,
5633905,Kimble,,D,,30.3945639,-99.8761111,P,6/19/2023,,25.1,-0.6,1772.9,1.0,Groundwater Conservation District,Electric Line,,
5635203,Kimble,218TRNT,D,225.0,30.4836111,-99.6941667,P,6/16/2023,,150.9,-1.4,1639.1,1.0,Groundwater Conservation District,Electric Line,,
5636306,Kimble,218EDRDA,D,210.0,30.473333,-99.538334,P,6/19/2023,,162.0,0.8,2013.0,1.0,Groundwater Conservation District,Electric Line,,
5641303,Kimble,218EDRDA,D,40.0,30.343334,-99.904445,P,6/19/2023,,24.9,0.0,1810.1,1.0,Groundwater Conservation District,Electric Line,,
5641401,Kimble,218EDRDA,D,277.0,30.300834,-99.991667,X,6/19/2023,,,,,1.0,Groundwater Conservation District,Electric Line,28,
5644203,Kimble,218EDRDA,D,260.0,30.374444,-99.577778,P,6/19/2023,,89.1,-0.5,2012.9,1.0,Groundwater Conservation District,Electric Line,,
7029101,Kinney,218EDRDA,C,502.0,29.5975556,-100.4715139,P,10/10/2022,1437.0,266.17,33.42,1366.83,1.0,Texas Water Development Board,Steel Tape,,
7037501,Kinney,218EDRDA,C,,29.425,-100.4169444,P,10/10/2022,1234.0,72.71,-9.71,1184.29,1.0,Texas Water Development Board,Steel Tape,,
7037707,Kinney,218EDRDA,D,940.0,29.3761111,-100.4730556,P,1/18/2019,,26.73,,1148.27,1.0,Groundwater Consultant,Steel Tape,,
7037807,Kinney,218EDRDA,D,1100.0,29.3967583,-100.4498,P,1/18/2019,1155.0,4.27,-5.2,1201.73,1.0,Groundwater Consultant,Steel Tape,,
7037810,Kinney,218EDRDA,C,,29.4038889,-100.4344444,P,10/10/2022,1258.0,48.12,4.94,1176.88,1.0,Texas Water Development Board,Steel Tape,,
7037902,Kinney,218EDRDA,C,560.0,29.4115583,-100.4079194,P,10/10/2022,1519.0,57.24,-1.2,1188.76,1.0,Texas Water Development Board,Steel Tape,,
7045101,Kinney,218EDRDA,D,1200.0,29.3597222,-100.4755556,P,1/18/2019,,49.73,,1102.27,1.0,Groundwater Consultant,Steel Tape,,
7045105,Kinney,218EDRDA,D,670.0,29.3719444,-100.4680556,P,1/18/2019,,27.73,,1142.27,1.0,Groundwater Consultant,Steel Tape,,
7045401,Kinney,218EDRDA,C,930.0,29.3253861,-100.4713444,P,10/10/2022,1117.0,29.81,-1.32,1103.19,1.0,Texas Water Development Board,Steel Tape,,
4257902,Menard,218EDRDA,D,150.0,31.0255556,-99.8869444,P,4/24/2022,,120.32,0.02,2049.68,1.0,Groundwater Conservation District,Electric Line,,
4259702,Menard,218EDRDA,D,120.0,31.0205556,-99.7202778,P,0/0/1963,,100.0,,1960.0,1.0,Other or Source of Measurement Unknown,Unknown,,
4364304,Menard,218EDRDA,D,,31.084167,-100.003889,P,4/24/2022,,189.28,1.54,2202.72,1.0,Groundwater Conservation District,Electric Line,,
4364504,Menard,218EDRDA,D,275.0,31.0766667,-100.0572222,X,4/24/2022,,,,,1.0,Groundwater Conservation District,Electric Line,28,
4364608,Menard,218EDRDA,D,280.0,31.081667,-100.012501,P,6/5/2014,,229.65,6.85,2115.35,1.0,Groundwater Conservation District,Electric Line,,
5508204,Menard,218EDRDA,D,270.0,30.9786111,-100.0486111,P,4/24/2022,,198.42,2.56,2086.58,1.0,Groundwater Conservation District,Electric Line,,
5508407,Menard,218EDRDA,D,147.0,30.929444,-100.112501,P,6/19/2018,,115.9,0.0,2073.1,1.0,Groundwater Conservation District,Electric Line,,
5603302,Menard,218EDRDA,D,70.0,30.959723,-99.628055,P,4/24/2022,,60.2,0.0,1981.8,1.0,Groundwater Conservation District,Electric Line,,
5609612,Menard,218EDRDA,D,270.0,30.8105556,-99.9147222,P,7/29/2013,,231.0,0.79,2041.0,1.0,Groundwater Conservation District,Electric Line,,
5610906,Menard,218EDRDA,D,200.0,30.7733333,-99.7716667,P,4/24/2022,,142.84,0.18,1980.16,1.0,Groundwater Conservation District,Electric Line,,
5618104,Menard,218EDRDA,D,290.0,30.713334,-99.857778,P,4/24/2022,,178.12,0.78,2047.88,1.0,Groundwater Conservation District,Electric Line,,
2763601,Midland,218ALRS,C,,32.0539194,-102.1538889,X,3/2/2023,905.0,,,,1.0,Texas Water Development Board,Steel Tape,20,
4409502,Midland,218ALRS,C,59.0,31.8034361,-101.9484111,P,2/28/2023,1111.0,33.19,0.21,2618.81,1.0,Texas Water Development Board,Steel Tape,,
4417409,Midland,218ALRS,C,255.0,31.6940972,-101.9921056,P,2/28/2023,1220.0,122.88,13.6,2678.12,1.0,Texas Water Development Board,Steel Tape,,
4417410,Midland,218ALRS,C,250.0,31.6921389,-101.9911667,P,2/28/2023,1244.0,212.55,8.03,2582.45,1.0,Texas Water Development Board,Steel Tape,,
4417617,Midland,218ALRS,C,235.0,31.6839889,-101.8753306,X,2/28/2023,1048.0,,,,1.0,Texas Water Development Board,,30,
4418214,Midland,218ALRS,C,176.0,31.7339306,-101.7966028,X,2/28/2023,1025.0,,,,1.0,Texas Water Development Board,,37,New well operation about 30 yrds E from this well.
4515801,Midland,218ALRS,C,170.0,31.7829361,-102.1674167,Q,2/28/2023,1344.0,130.52,-0.73,2763.48,1.0,Texas Water Development Board,Steel Tape,10,Spotty tape. Pump cycling on/off every 5 seconds.
4516208,Midland,218ALRS,C,131.0,31.8521139,-102.0713778,Q,8/16/2007,,97.0,,2710.0,1.0,Texas Water Development Board,Steel Tape,10,
4522604,Midland,218ALRS,C,225.0,31.6936944,-102.2800444,P,2/28/2023,1737.0,133.83,2.15,2786.17,1.0,Texas Water Development Board,Steel Tape,,
4524104,Midland,218ALRS,C,,31.7247889,-102.0928556,P,2/28/2023,1311.0,63.77,0.69,2700.23,1.0,Texas Water Development Board,Steel Tape,,
2953502,Nolan,218ALRS,D,180.0,32.183055,-100.431111,P,6/3/2023,,54.6,1.0,2350.4,1.0,Groundwater Conservation District,Electric Line,,
4549701,Pecos,,D,1000.0,31.1573472,-102.9945306,P,5/17/2023,,212.25,3.75,2442.75,1.0,Groundwater Conservation District,Electric Line,,
4550302,Pecos,,D,127.0,31.212223,-102.753889,P,5/23/2023,,56.9,-0.25,2378.1,1.0,Groundwater Conservation District,Electric Line,,
4557603,Pecos,218EDDT,D,102.0,31.056667,-102.907223,P,5/23/2023,,95.6,1.6,2666.4,1.0,Groundwater Conservation District,Electric Line,,
4557604,Pecos,,D,487.0,31.0452778,-102.9072222,P,5/23/2023,,157.35,1.25,2637.65,1.0,Groundwater Conservation District,Electric Line,,
4557809,Pecos,,D,552.0,31.0098889,-102.9581111,P,5/23/2023,,246.0,1.75,2601.0,1.0,Groundwater Conservation District,Electric Line,,
4557907,Pecos,,D,580.0,31.0225,-102.8777,P,5/23/2023,,55.25,0.5,2682.75,1.0,Groundwater Conservation District,Electric Line,,
4560604,Pecos,,D,394.0,31.0422222,-102.5241667,P,3/24/2023,,133.4,0.25,2328.6,1.0,Groundwater Conservation District,Electric Line,,
4560904,Pecos,,D,335.0,31.0018889,-102.5227778,P,3/24/2023,,223.75,-0.25,2360.25,1.0,Groundwater Conservation District,Electric Line,,
4561622,Pecos,,D,91.0,31.0641667,-102.3883333,P,3/24/2023,,48.35,-0.5,2280.65,1.0,Groundwater Conservation District,Electric Line,,
4561803,Pecos,,D,310.0,31.0344389,-102.4258,P,3/24/2023,,165.0,0.25,2295.0,1.0,Groundwater Conservation District,Electric Line,,
4562402,Pecos,218EDDT,D,120.0,31.056667,-102.371667,P,3/24/2023,,59.75,0.25,2473.25,1.0,Groundwater Conservation District,Electric Line,,
4562901,Pecos,218EDDT,D,190.0,31.0116667,-102.2583333,P,3/24/2023,,55.0,0.25,2247.0,1.0,Groundwater Conservation District,Electric Line,,
4656306,Pecos,218EDDT,D,615.0,31.229167,-103.004723,P,5/17/2023,,308.15,17.75,2285.85,1.0,Groundwater Conservation District,Electric Line,,
4656508,Pecos,,D,853.0,31.1668056,-103.04925,P,5/18/2023,,330.75,0.75,2357.25,1.0,Groundwater Conservation District,Electric Line,,
4656707,Pecos,,D,500.0,31.135,-103.1244,P,5/17/2023,,337.25,-1.0,2386.75,1.0,Groundwater Conservation District,Electric Line,,
5206604,Pecos,218EDDT,D,500.6,30.9302778,-103.2705556,P,5/10/2023,,242.25,0.75,2807.75,1.0,Groundwater Conservation District,Electric Line,,
5206607,Pecos,218EDDT,D,664.0,30.9308333,-103.2541667,P,5/10/2023,,238.25,3.5,2803.75,1.0,Groundwater Conservation District,Electric Line,,
5206701,Pecos,218EDDT,D,510.0,30.878889,-103.353889,P,1/5/2016,,310.7,-0.5,2926.3,1.0,Groundwater Conservation District,Electric Line,,
5207201,Pecos,218EDDT,D,401.0,30.9611111,-103.1861111,P,5/10/2023,,223.25,15.0,2754.75,1.0,Groundwater Conservation District,Electric Line,,
5207304,Pecos,218EDDT,D,490.0,30.983055,-103.161112,P,9/7/2015,,247.72,18.52,2697.28,1.0,Groundwater Conservation District,Transducer,,
5207502,Pecos,218EDDT,D,280.0,30.9377778,-103.1872222,P,5/10/2023,,165.4,-6.75,2854.6,1.0,Groundwater Conservation District,Electric Line,,
5207503,Pecos,,D,426.0,30.953889,-103.194445,P,5/10/2023,,210.75,1.25,2779.25,1.0,Groundwater Conservation District,Electric Line,,
5207901,Pecos,218EDDT,D,612.0,30.888056,-103.143889,P,5/10/2023,,197.75,1.0,2883.25,1.0,Groundwater Conservation District,Electric Line,,
5207903,Pecos,218EDDT,D,554.0,30.8961111,-103.135,P,5/10/2023,,210.25,6.25,2859.75,1.0,Groundwater Conservation District,Electric Line,,
5207905,Pecos,218EDDT,D,429.0,30.9155556,-103.135,P,5/10/2023,,198.1,8.6,2835.9,1.0,Groundwater Conservation District,Electric Line,,
5208302,Pecos,218EDDT,D,310.0,30.969444,-103.024167,P,4/10/2017,,146.45,0.7,2871.55,1.0,Groundwater Conservation District,Electric Line,,
5208801,Pecos,218EDDT,D,200.0,30.8786111,-103.0708333,P,6/13/2023,,158.64,0.09,2927.36,1.0,Groundwater Conservation District,Transducer,,
5208905,Pecos,218EDDT,D,406.0,30.8865556,-103.0295472,P,6/13/2023,,56.26,0.17,2952.74,1.0,Groundwater Conservation District,Transducer,,
5213801,Pecos,218EDDT,D,485.0,30.7875,-103.4433333,P,5/11/2023,,378.75,0.25,3075.25,1.0,Groundwater Conservation District,Electric Line,,
5216306,Pecos,218EDDT,D,275.0,30.867778,-103.006667,P,5/12/2023,,70.25,9.5,2974.75,1.0,Groundwater Conservation District,Electric Line,,
5216312,Pecos,,D,130.0,30.8647222,-103.0138889,P,9/8/2015,,126.4,16.0,2926.6,1.0,Groundwater Conservation District,Electric Line,,
5216506,Pecos,,D,400.0,30.8304306,-103.04225,P,6/13/2023,,141.7,2.75,2981.3,1.0,Groundwater Conservation District,Transducer,,
5216902,Pecos,218ALRS,D,508.0,30.7720306,-103.0261778,P,6/13/2023,,268.53,0.37,2992.47,1.0,Groundwater Conservation District,Transducer,,
5216908,Pecos,218EDDT,D,500.0,30.772222,-103.035278,P,3/5/2012,,260.96,7.83,3003.04,1.0,Groundwater Conservation District,Electric Line,,
5216909,Pecos,218EDDT,D,500.0,30.7863889,-103.0091667,P,4/7/2023,,257.6,5.25,2981.4,1.0,Groundwater Conservation District,Electric Line,,
5216911,Pecos,,D,374.0,30.7866667,-103.0316667,P,6/13/2023,,236.47,0.94,2996.53,1.0,Groundwater Conservation District,Transducer,,
5221301,Pecos,218EDDT,D,350.0,30.728055,-103.405834,P,4/3/2017,,341.8,-0.2,3170.2,1.0,Groundwater Conservation District,Electric Line,,
5222901,Pecos,,D,500.0,30.6494611,-103.2746972,P,5/10/2023,,334.25,0.5,3124.75,1.0,Groundwater Conservation District,Electric Line,,
5223603,Pecos,218EDDT,D,460.0,30.7025,-103.1516667,P,5/11/2023,,261.6,0.76,3114.4,1.0,Groundwater Conservation District,Electric Line,,
5224103,Pecos,,D,325.0,30.7275361,-103.1094444,P,5/11/2023,,280.25,0.25,3052.75,1.0,Groundwater Conservation District,Electric Line,,
5224104,Pecos,,D,,30.7132333,-103.1124889,P,5/11/2023,,277.75,0.25,3098.25,1.0,Groundwater Conservation District,Electric Line,,
5301209,Pecos,218EDDT,D,511.0,30.9902778,-102.9238889,P,5/23/2023,,84.65,0.75,2722.35,1.0,Groundwater Conservation District,Electric Line,,
5301306,Pecos,218EDDT,D,167.0,30.960278,-102.878889,P,5/23/2023,,92.85,0.5,2790.15,1.0,Groundwater Conservation District,Electric Line,,
5301307,Pecos,218EDDT,D,227.0,30.959445,-102.883055,P,5/23/2023,,92.5,0.75,2811.5,1.0,Groundwater Conservation District,Electric Line,,
5301404,Pecos,,D,400.0,30.9350306,-102.9923194,P,5/10/2023,,28.5,-0.75,2906.5,1.0,Groundwater Conservation District,Electric Line,,
5301503,Pecos,218EDDT,D,127.0,30.9541667,-102.9538889,P,5/23/2023,,50.4,0.25,2829.6,1.0,Groundwater Conservation District,Electric Line,,
5301608,Pecos,218EDDT,D,280.0,30.926944,-102.876111,X,7/8/2014,,,,,1.0,Groundwater Conservation District,Electric Line,21,
5301610,Pecos,,D,200.0,30.9283778,-102.8850028,P,5/23/2023,,64.0,-1.25,2848.0,1.0,Groundwater Conservation District,Electric Line,,
5301707,Pecos,100PECS,D,98.0,30.9088889,-102.9880556,P,6/13/2023,,43.37,0.3,2925.63,1.0,Groundwater Conservation District,Transducer,,
5301708,Pecos,,D,493.0,30.8981111,-102.9839833,P,6/13/2023,,59.26,0.26,2928.74,1.0,Groundwater Conservation District,Transducer,,
5301804,Pecos,,D,305.0,30.890556,-102.956112,P,5/10/2023,,63.6,1.75,2938.4,1.0,Groundwater Conservation District,Electric Line,,
5301805,Pecos,,D,341.0,30.9072222,-102.9427778,P,5/10/2023,,129.0,1.75,2900.0,1.0,Groundwater Conservation District,Electric Line,,
5301902,Pecos,218EDDT,D,180.0,30.8897222,-102.8841667,P,3/29/2023,,60.75,2.25,2920.25,1.0,Groundwater Conservation District,Electric Line,,
5301908,Pecos,218EDDT,U,,30.89,-102.884167,P,7/2/2010,,77.65,,2903.35,1.0,U.S. Geological Survey,Electric Line,,
5301913,Pecos,,D,310.0,30.888611,-102.915834,P,5/10/2023,,173.15,2.5,2925.85,1.0,Groundwater Conservation District,Electric Line,,
5301914,Pecos,,D,285.0,30.876944,-102.896667,P,3/29/2023,,95.0,1.25,2904.0,1.0,Groundwater Conservation District,Electric Line,,
5301915,Pecos,,D,335.0,30.9080556,-102.9055556,P,5/23/2023,,55.9,4.0,2970.1,1.0,Groundwater Conservation District,Electric Line,,
5301916,Pecos,,D,285.0,30.8766667,-102.8902778,P,3/29/2023,,72.15,0.5,2919.85,1.0,Groundwater Conservation District,Electric Line,,
5302419,Pecos,218EDDT,D,269.0,30.9188889,-102.8644444,P,5/23/2023,,71.25,0.25,2846.75,1.0,Groundwater Conservation District,Electric Line,,
5302422,Pecos,,D,213.0,30.95045,-102.8671833,P,5/23/2023,,80.75,3.25,2794.25,1.0,Groundwater Conservation District,Electric Line,,
5302708,Pecos,218EDDT,D,227.0,30.8761111,-102.8452778,P,6/13/2023,,140.73,-0.04,2884.27,1.0,Groundwater Conservation District,Transducer,,
5302710,Pecos,218EDDT,D,183.0,30.9011111,-102.8577778,P,3/24/2023,,48.15,11.25,2878.85,1.0,Groundwater Conservation District,Electric Line,,
5302712,Pecos,,D,70.0,30.8916667,-102.8672222,P,6/21/2021,,42.15,-0.25,2908.85,1.0,Groundwater Conservation District,Electric Line,,
5302715,Pecos,,D,400.0,30.8888889,-102.8733333,P,6/8/2022,,56.0,5.5,2894.0,1.0,Groundwater Conservation District,Electric Line,,
5302902,Pecos,,D,500.0,30.8891667,-102.7641667,P,3/24/2023,,135.55,1.25,2778.45,1.0,Groundwater Conservation District,Electric Line,,
5303901,Pecos,218EDDT,D,462.0,30.878333,-102.648889,P,3/24/2023,,150.5,-0.25,2725.5,1.0,Groundwater Conservation District,Electric Line,,
5304701,Pecos,218WSHT,U,196.0,30.893611,-102.605278,X,9/2/2010,,,,,1.0,U.S. Geological Survey,Electric Line,24,
5305904,Pecos,218EDDT,D,136.0,30.88,-102.416389,P,3/27/2023,,39.15,-0.25,2493.85,1.0,Groundwater Conservation District,Electric Line,,
5306307,Pecos,,D,152.0,30.9722222,-102.2888889,P,3/24/2023,,86.55,-0.25,2281.45,1.0,Groundwater Conservation District,Electric Line,,
5306501,Pecos,218EDDT,D,425.0,30.945834,-102.315278,P,3/24/2023,,101.25,0.25,2308.75,1.0,Groundwater Conservation District,Electric Line,,
5306803,Pecos,218EDDT,D,283.0,30.9044444,-102.3130556,P,3/24/2023,,151.9,-0.5,2369.1,1.0,Groundwater Conservation District,Electric Line,,
5306807,Pecos,218EDDT,D,,30.893334,-102.296389,P,3/24/2023,,160.85,0.25,2369.15,1.0,Groundwater Conservation District,Electric Line,,
5307106,Pecos,,D,188.0,30.9763889,-102.2297222,P,3/24/2023,,151.0,0.5,2219.0,1.0,Groundwater Conservation District,Electric Line,,
5307202,Pecos,,D,,30.975555,-102.194445,P,3/24/2023,,159.15,0.75,2265.85,1.0,Groundwater Conservation District,Electric Line,,
5307203,Pecos,,D,,30.9733333,-102.1741667,P,3/24/2023,,143.25,-0.25,2210.75,1.0,Groundwater Conservation District,Electric Line,,
5308601,Pecos,218EDDT,D,260.0,30.9566667,-102.0330556,P,3/27/2023,,173.5,0.0,2210.5,1.0,Groundwater Conservation District,Electric Line,,
5309103,Pecos,218EDDT,D,405.0,30.8566722,-102.9992028,P,6/13/2023,,117.03,0.17,2958.97,1.0,Groundwater Conservation District,Transducer,,
5309106,Pecos,218EDDT,D,408.0,30.845,-102.9988889,P,5/12/2023,,134.5,2.75,2957.5,1.0,Groundwater Conservation District,Electric Line,,
5309109,Pecos,,D,316.0,30.8719444,-102.9819444,P,4/7/2023,,32.75,-1.25,2991.25,1.0,Groundwater Conservation District,Electric Line,,
5309306,Pecos,218EDDT,D,235.0,30.8738889,-102.8822222,P,3/29/2023,,46.25,1.25,2924.75,1.0,Groundwater Conservation District,Electric Line,,
5309307,Pecos,218EDDT,D,250.0,30.8486111,-102.8983333,P,3/29/2023,,109.65,0.75,2924.35,1.0,Groundwater Conservation District,Electric Line,,
5309308,Pecos,,D,201.0,30.855556,-102.896111,P,3/29/2023,,102.4,-3.5,2935.6,1.0,Groundwater Conservation District,Electric Line,,
5309309,Pecos,,D,227.0,30.862223,-102.899445,P,6/13/2023,,111.25,0.23,2922.75,1.0,Groundwater Conservation District,Transducer,,
5311302,Pecos,,D,470.0,30.8517111,-102.6586611,P,3/24/2023,,144.75,0.25,2738.25,1.0,Groundwater Conservation District,Electric Line,,
5311901,Pecos,218WSHT,D,390.0,30.7554667,-102.6435833,P,3/28/2023,,269.65,0.5,2769.35,1.0,Groundwater Conservation District,Electric Line,,
5312702,Pecos,,D,,30.776389,-102.594167,P,3/24/2023,,162.0,-0.25,2754.0,1.0,Groundwater Conservation District,Electric Line,,
5312703,Pecos,,D,,30.782778,-102.589722,P,3/24/2023,,174.6,1.25,2754.4,1.0,Groundwater Conservation District,Electric Line,,
5313701,Pecos,218EDRDA,D,730.0,30.76385,-102.4783528,Q,3/27/2023,,691.4,0.75,2709.6,1.0,Groundwater Conservation District,Electric Line,2,
5313801,Pecos,,D,352.0,30.787778,-102.453889,P,12/21/2015,,342.75,-0.05,2667.25,1.0,Groundwater Conservation District,,,
5314101,Pecos,,D,,30.8597222,-102.3338889,P,3/24/2023,,214.9,-0.33,2483.1,1.0,Groundwater Conservation District,Electric Line,,
5315503,Pecos,,D,498.25,30.8126944,-102.1743056,P,3/27/2023,,308.0,2.25,2499.0,1.0,Groundwater Conservation District,Electric Line,,
5316402,Pecos,,D,,30.8294444,-102.1228889,P,5/12/2017,,246.9,-0.25,2523.1,1.0,Groundwater Conservation District,Electric Line,,
5316601,Pecos,218EDDT,D,319.0,30.8288889,-102.0361111,P,3/27/2023,,193.17,-0.08,2327.83,1.0,Groundwater Conservation District,Electric Line,,
5341102,Pecos,,D,190.0,30.3530611,-102.9658,P,3/29/2023,,131.5,-0.75,3967.5,1.0,Groundwater Conservation District,Electric Line,,
5418510,Pecos,218EDDT,D,153.0,30.678055,-101.816667,P,3/27/2023,,63.15,2.25,2061.85,1.0,Groundwater Conservation District,Electric Line,,
5418512,Pecos,,D,203.0,30.6901667,-101.8188972,P,3/27/2023,,87.83,-0.17,2055.17,1.0,Groundwater Conservation District,Electric Line,,
5418703,Pecos,218EDDT,D,300.0,30.6594444,-101.8725,P,3/27/2023,,171.5,1.0,2086.5,1.0,Groundwater Conservation District,Electric Line,,
4419815,Reagan,218ALRS,D,,31.642778,-101.684167,P,12/9/2022,,173.2,-1.1,2528.8,1.0,Groundwater Conservation District,Electric Line,,
4420801,Reagan,218ALRS,D,320.0,31.635,-101.554445,P,12/12/2022,,222.9,-0.5,2457.1,1.0,Groundwater Conservation District,Electric Line,,
4427306,Reagan,218ALRS,D,220.0,31.608334,-101.633611,P,12/9/2022,,197.8,2.6,2482.2,1.0,Groundwater Conservation District,Electric Line,,
4428641,Reagan,218ALRS,D,430.0,31.571944,-101.515834,Q,12/9/2022,,225.8,-29.4,2439.2,1.0,Groundwater Conservation District,Steel Tape,10,questionable measurement; casing wet or leaking; measurement coincides with previous measurement
4429705,Reagan,218EDDT,C,300.0,31.5251167,-101.4633389,Q,2/27/2023,1515.0,249.39,85.63,2401.61,1.0,Texas Water Development Board,Steel Tape,10,Spotty tape both eline and tape.
4430410,Reagan,,C,565.0,31.5694444,-101.3605556,X,2/27/2023,1600.0,,,,1.0,Texas Water Development Board,Electric Line,24,Dry well.  Dropped small rock and no water
4436121,Reagan,,C,400.0,31.4891667,-101.6015,P,2/27/2023,1415.0,239.5,-80.5,2420.5,1.0,Texas Water Development Board,Electric Line,,
4436414,Reagan,218ALRS,D,430.0,31.436389,-101.593334,Q,12/6/2022,,212.6,-0.1,2449.4,1.0,Groundwater Conservation District,Electric Line,10,questionable measurement; casing wet or leaking; measurement coincides with previous measurement
4445702,Reagan,218EDDT,C,200.0,31.2823417,-101.4861389,Q,2/27/2023,1245.0,137.65,,2414.35,1.0,Texas Water Development Board,Electric Line,4,Pump off for 20 min
4454702,Reagan,218ALRS,C,632.0,31.1528611,-101.347575,Q,2/27/2023,1155.0,494.8,38.9,2265.2,1.0,Texas Water Development Board,Electric Line,10,Spotty e-line beeping. Well casing likely leaking.
5658602,Real,218EDRDA,C,175.0,30.0691167,-99.7868722,Q,2/7/2023,1133.0,184.59,-3.35,2013.41,1.0,Texas Water Development Board,Steel Tape,4,POA: pump off 25 min
6902202,Real,218EDRDA,C,286.0,29.9604111,-99.798375,P,2/7/2023,1220.0,193.1,-18.6,2056.9,1.0,Texas Water Development Board,Steel Tape,,
6902502,Real,,C,112.0,29.9555111,-99.8082444,P,2/7/2023,1204.0,101.79,,2033.21,1.0,Texas Water Development Board,Steel Tape,,
4643501,Reeves,218EDDT,D,1200.0,31.3207028,-103.6786139,P,12/16/2021,,290.5,-0.09,2472.5,1.0,Groundwater Conservation District,Electric Line,,
4650402,Reeves,217CRCSL,D,1141.0,31.1702778,-103.8744444,X,12/23/2021,,,,,1.0,Groundwater Conservation District,Electric Line,27,flowing well
4658402,Reeves,217CRCSL,D,380.0,31.0438056,-103.8451222,P,2/5/2021,,48.0,,3270.0,1.0,Groundwater Conservation District,Electric Line,,
4660701,Reeves,218EDDT,D,700.0,31.0402778,-103.5897222,P,12/23/2021,,239.2,-8.8,2645.8,1.0,Groundwater Conservation District,Electric Line,,
4358601,Schleicher,218EDRDA,D,190.0,31.070833,-100.766112,X,9/13/2022,,,,,1.0,Groundwater Conservation District,,30,locked out
4358906,Schleicher,218EDDT,D,,31.005278,-100.767222,P,6/15/2023,,252.0,-3.6,2220.0,1.0,Groundwater Conservation District,Electric Line,,
4360609,Schleicher,218EDRDA,D,,31.057223,-100.507223,P,3/13/2020,,33.9,5.4,2096.1,1.0,Groundwater Conservation District,Electric Line,,
4360807,Schleicher,218EDRDA,D,150.0,31.026944,-100.545278,P,8/14/2014,,133.0,1.8,2106.0,1.0,Groundwater Conservation District,Steel Tape,,
4361706,Schleicher,218EDRDA,D,175.0,31.0072222,-100.4961111,P,6/15/2023,,92.5,1.4,2102.5,1.0,Groundwater Conservation District,Electric Line,,
5502508,Schleicher,218EDRDA,D,400.0,30.9461111,-100.8136111,X,9/15/2022,,,,,1.0,Groundwater Conservation District,Electric Line,21,probe cannot reach water when it drops blow -310 because of a rubber fitting around the pipe
5504402,Schleicher,218EDRDA,D,289.0,30.923055,-100.593889,P,6/15/2023,,191.3,0.8,2121.7,1.0,Groundwater Conservation District,Electric Line,,
5504511,Schleicher,218EDRDA,D,,30.941389,-100.547222,P,6/15/2023,,247.1,1.5,2112.9,1.0,Groundwater Conservation District,Electric Line,,
5504603,Schleicher,218EDRDA,D,,30.942222,-100.5175,P,6/22/2023,,176.2,-4.0,2104.8,1.0,Groundwater Conservation District,Electric Line,,
5504605,Schleicher,218EDRDA,D,230.0,30.933055,-100.518889,P,6/15/2023,,193.4,-0.7,2111.6,1.0,Groundwater Conservation District,Electric Line,,
5505507,Schleicher,218EDRDA,D,300.0,30.940278,-100.437778,P,6/22/2023,,233.1,7.6,2095.9,1.0,Groundwater Conservation District,Steel Tape,,
5507101,Schleicher,218EDRDA,D,300.0,30.9647222,-100.2408333,P,6/22/2023,,172.7,0.3,2102.3,1.0,Groundwater Conservation District,Electric Line,,
5509503,Schleicher,218EDRDA,D,213.0,30.818055,-100.956112,P,7/20/2021,,194.8,0.9,2131.2,1.0,Groundwater Conservation District,Steel Tape,,
5509503,Schleicher,218EDRDA,D,213.0,30.818055,-100.956112,P,6/8/2023,,199.1,0.3,2126.9,1.0,Groundwater Conservation District,Steel Tape,,
5511201,Schleicher,218EDRDA,D,404.0,30.867778,-100.686945,X,9/19/2022,,,,,1.0,Groundwater Conservation District,,23,caved in
5511510,Schleicher,218EDRDA,D,,30.8266667,-100.6925417,X,12/28/2022,,,,,1.0,Groundwater Conservation District,,32,well owner covered access to measure
5512104,Schleicher,218EDRDA,D,345.0,30.858612,-100.598611,P,6/12/2023,,319.8,-2.5,2117.2,1.0,Groundwater Conservation District,Electric Line,,
5512902,Schleicher,218EDRDA,D,,30.754723,-100.5175,P,12/21/2022,,192.2,6.0,2158.8,1.0,Groundwater Conservation District,Steel Tape,,
5513405,Schleicher,218EDRDA,D,200.0,30.809723,-100.462778,P,6/16/2023,,153.5,3.4,2111.5,1.0,Groundwater Conservation District,Steel Tape,,
5513910,Schleicher,218EDRDA,D,420.0,30.7675,-100.399167,P,6/16/2023,,298.8,1.4,2101.2,1.0,Groundwater Conservation District,Steel Tape,,
5518208,Schleicher,218EDRDA,D,364.0,30.732222,-100.806667,P,7/19/2017,,181.3,-0.4,2129.7,1.0,Groundwater Conservation District,Electric Line,,
4302707,Sterling,218ALRS,D,300.0,31.901389,-100.868889,P,6/28/2023,,246.14,-3.45,2379.86,1.0,Groundwater Conservation District,Electric Line,,
4325302,Sterling,218EDDT,D,,31.613612,-100.906667,P,6/28/2023,,57.02,0.18,2326.98,1.0,Groundwater Conservation District,Steel Tape,,
4407104,Sterling,218ALRS,D,90.0,31.970833,-101.223333,P,6/22/2023,,79.21,2.63,2408.79,1.0,Groundwater Conservation District,Steel Tape,,
4408307,Sterling,218ALRS,D,162.0,31.976944,-101.028055,Q,6/22/2023,,43.63,1.17,2424.37,1.0,Groundwater Conservation District,Steel Tape,2,
4414601,Sterling,218ALRS,D,93.0,31.801667,-101.257501,X,6/22/2023,,,,,1.0,Groundwater Conservation District,,20,surface structures have shifted and our access point is no longer accessible
4416901,Sterling,218ALRS,D,,31.7802778,-101.0227778,P,6/1/2012,,91.0,1.82,2321.0,1.0,Groundwater Conservation District,Steel Tape,,
5518715,Sutton,UNKNOWN,D,184.0,30.6258333,-100.8533333,P,12/23/2022,,143.0,0.6,2019.0,1.0,Groundwater Conservation District,Transducer,,
5519903,Sutton,218EDRDA,D,300.0,30.646667,-100.646667,X,12/23/2022,,,,,1.0,Groundwater Conservation District,Steel Tape,28,
5520904,Sutton,218EDRDA,D,275.0,30.663612,-100.505278,P,12/23/2022,,224.0,0.2,2139.0,1.0,Groundwater Conservation District,Steel Tape,,
5522902,Sutton,,D,,30.6441667,-100.2525,X,12/23/2022,,,,,1.0,Groundwater Conservation District,Steel Tape,28,
5525902,Sutton,218EDRDA,D,240.0,30.507778,-100.901667,P,12/23/2022,,133.7,0.3,1918.3,1.0,Groundwater Conservation District,Steel Tape,,
5526905,Sutton,UNKNOWN,D,330.0,30.525,-100.7622222,P,12/23/2022,,275.2,-0.6,1859.8,1.0,Groundwater Conservation District,Transducer,,
5527108,Sutton,218EDRDA,C,400.0,30.5963583,-100.718175,X,2/27/2023,1200.0,,,,1.0,Texas Water Development Board,,37,Ran out of time to visit.
5527202,Sutton,218EDRDA,C,485.0,30.6236111,-100.6787806,X,2/27/2023,1200.0,,,,1.0,Texas Water Development Board,,37,Ran out of time to visit.
5527223,Sutton,UNKNOWN,D,474.0,30.6236111,-100.6775,P,7/22/2020,,331.2,0.1,1995.8,1.0,Groundwater Conservation District,Transducer,,
5527322,Sutton,218EDRDA,D,230.0,30.590834,-100.644167,P,12/23/2022,,164.2,-0.3,1983.8,1.0,Groundwater Conservation District,Transducer,,
5527603,Sutton,218EDRDA,D,303.0,30.575,-100.6425,X,12/23/2022,,,,,1.0,Groundwater Conservation District,Transducer,28,
5527606,Sutton,218EDRDA,C,180.0,30.5483722,-100.6473306,X,2/27/2023,1200.0,,,,1.0,Texas Water Development Board,,37,Ran out of time to visit.
5527615,Sutton,218EDRDA,D,196.0,30.58,-100.6372222,X,12/20/2020,,,,,1.0,Groundwater Conservation District,Steel Tape,28,
5527616,Sutton,218EDRDA,D,335.0,30.5611111,-100.6344444,P,12/23/2022,,277.0,-0.1,1916.0,1.0,Groundwater Conservation District,Transducer,,
5527622,Sutton,218EDRDA,D,210.0,30.558334,-100.648334,P,12/23/2022,,166.7,0.3,1957.3,1.0,Groundwater Conservation District,Steel Tape,,
5527906,Sutton,218EDRDA,C,190.0,30.5411278,-100.6654194,X,2/27/2023,1200.0,,,,1.0,Texas Water Development Board,,37,Ran out of time to visit.
5528302,Sutton,218EDRDA,D,394.0,30.618333,-100.501945,P,12/23/2022,,239.4,-0.6,2128.6,1.0,Groundwater Conservation District,Transducer,,
5528802,Sutton,,D,385.0,30.5001944,-100.5599444,P,12/23/2022,,292.9,-0.6,1997.1,1.0,Groundwater Conservation District,Transducer,,
5529607,Sutton,UNKNOWN,D,320.0,30.5755556,-100.3811111,P,12/23/2022,,168.2,-0.5,2132.8,1.0,Groundwater Conservation District,Transducer,,
5529810,Sutton,218EDRDA,D,360.0,30.531389,-100.451945,P,12/23/2022,,279.5,0.3,2046.5,1.0,Groundwater Conservation District,Steel Tape,,
5530504,Sutton,218EDRDA,D,175.0,30.5736111,-100.2983333,X,12/23/2022,,,,,1.0,Groundwater Conservation District,Steel Tape,21,
5530604,Sutton,,D,297.0,30.5638889,-100.2766667,X,7/21/2020,,,,,1.0,Groundwater Conservation District,Steel Tape,28,
5533205,Sutton,218EDRDA,D,460.0,30.470555,-100.958056,X,7/22/2020,,,,,1.0,Groundwater Conservation District,Transducer,28,
5533806,Sutton,218EDRDA,D,,30.413056,-100.925278,X,7/20/2020,,,,,1.0,Groundwater Conservation District,Steel Tape,28,
5535103,Sutton,218EDRDA,C,281.0,30.4588528,-100.7194444,X,2/27/2023,1200.0,,,,1.0,Texas Water Development Board,,37,Ran out of time to visit.
5535210,Sutton,218EDRDA,D,,30.463056,-100.703334,X,12/23/2022,,,,,1.0,Groundwater Conservation District,Steel Tape,28,
5537705,Sutton,218EDRDA,D,340.0,30.397222,-100.467778,X,12/20/2020,,,,,1.0,Groundwater Conservation District,Steel Tape,28,
5537803,Sutton,218EDRDA,C,315.0,30.4126722,-100.43875,X,2/27/2023,1200.0,,,,1.0,Texas Water Development Board,,37,Ran out of time to visit.
5538402,Sutton,218EDRDA,D,,30.446945,-100.374167,P,12/23/2022,,190.2,0.4,2024.8,1.0,Groundwater Conservation District,Steel Tape,,
5538403,Sutton,218EDRDA,D,188.0,30.424722,-100.374167,Q,11/19/2014,,152.3,1.1,2019.7,1.0,Groundwater Conservation District,Steel Tape,15,
5538405,Sutton,UNKNOWN,D,313.0,30.4522222,-100.3477778,P,12/23/2022,,267.0,0.2,2044.0,1.0,Groundwater Conservation District,Transducer,,
5539406,Sutton,UNKNOWN,D,328.0,30.45,-100.2491667,P,12/23/2022,,153.2,-0.2,2036.8,1.0,Groundwater Conservation District,Transducer,,
5539501,Sutton,218EDRDA,C,,30.4487944,-100.1916222,X,2/27/2023,1200.0,,,,1.0,Texas Water Development Board,,37,Ran out of time to visit.
5539505,Sutton,218EDRDA,D,,30.4569444,-100.1863889,X,7/22/2020,,,,,1.0,Groundwater Conservation District,Electric Line,28,
5539508,Sutton,,D,168.0,30.446667,-100.185278,P,7/18/2018,,128.1,0.3,2018.9,1.0,Groundwater Conservation District,Electric Line,,Sensor and tape coated with fine-grained organic sludge. Smells like cave; not like manure; etc.
5542502,Sutton,218EDRDA,D,,30.330833,-100.797222,P,12/23/2022,,230.7,-0.1,1854.3,1.0,Groundwater Conservation District,Transducer,,
5543205,Sutton,218EDRDA,D,418.0,30.364167,-100.671389,P,12/23/2022,,201.1,0.1,1895.9,1.0,Groundwater Conservation District,Transducer,,
5544802,Sutton,218EDRDA,D,430.0,30.2916333,-100.5632361,P,12/23/2022,,268.5,0.2,1919.5,1.0,Groundwater Conservation District,Transducer,,
5545305,Sutton,218EDRDA,D,,30.357501,-100.388611,P,12/23/2022,,266.8,0.1,2001.2,1.0,Groundwater Conservation District,Transducer,,
3041803,Taylor,218ALRS,C,140.0,32.2580556,-99.9555556,P,10/25/2022,1401.0,71.1,0.7,2148.9,1.0,Texas Water Development Board,Steel Tape,,
3050801,Taylor,218ALRS,C,22.0,32.1411111,-99.8266667,P,10/25/2022,1544.0,16.1,2.4,2056.9,1.0,Texas Water Development Board,Electric Line,,
3050803,Taylor,218ALRS,C,40.0,32.1433333,-99.8272222,P,10/25/2022,1530.0,20.91,1.22,2058.09,1.0,Texas Water Development Board,Steel Tape,,
5331502,Terrell,218EDDT,C,413.0,30.5548028,-102.1843222,X,2/7/2023,1445.0,,,,1.0,Texas Water Development Board,Steel Tape,22,"hangs a lot, spotty tape"
5331601,Terrell,218EDDT,C,250.0,30.545075,-102.1627611,X,2/7/2023,1330.0,,,,1.0,Texas Water Development Board,Steel Tape,22,"new pump 2022, hangs 60', 70', couldn't pass 90'"
5331602,Terrell,218EDDT,C,270.0,30.5440778,-102.1618722,X,2/7/2023,1335.0,,,,1.0,Texas Water Development Board,Steel Tape,32,new wellhouse (and pump?) too winterized to meas. new pics
5331603,Terrell,218EDDT,C,281.0,30.5685333,-102.1573194,P,2/7/2023,1410.0,228.26,,2410.74,1.0,Texas Water Development Board,Steel Tape,,
5331605,Terrell,218EDDT,C,,30.5522222,-102.1588889,P,2/7/2023,1355.0,214.66,,2416.34,1.0,Texas Water Development Board,Steel Tape,,
5332801,Terrell,218EDDT,C,,30.5362861,-102.0487444,P,2/7/2023,1029.0,265.23,4.56,2223.77,1.0,Texas Water Development Board,Steel Tape,,
5352901,Terrell,218EDDT,C,450.0,30.1646056,-102.5275194,X,2/7/2023,1830.0,,,,1.0,Texas Water Development Board,Electric Line,37,no time/too dark/likely dry
5353201,Terrell,218EDDT,C,,30.2283667,-102.4361083,P,2/7/2023,1710.0,358.54,,2779.46,1.0,Texas Water Development Board,Steel Tape,,spotty last 50' but good mark
5353401,Terrell,218EDDT,C,441.0,30.1712472,-102.4780861,X,2/7/2023,1830.0,,,,1.0,Texas Water Development Board,,30,"locked gate, prioritizing city wells, no time to walk in"
5353804,Terrell,218EDDT,C,550.0,30.1472,-102.4272139,P,2/7/2023,1815.0,423.83,-6.5,2427.17,1.0,Texas Water Development Board,Electric Line,,
5353806,Terrell,218EDDT,C,550.0,30.1472472,-102.4279667,P,2/7/2023,1802.0,407.76,-2.21,2447.24,1.0,Texas Water Development Board,Electric Line,,off all day
5353809,Terrell,218EDDT,C,525.0,30.1470917,-102.4296361,P,2/7/2023,1750.0,440.8,-6.76,2415.2,1.0,Texas Water Development Board,Electric Line,,off all day
5353903,Terrell,218EDDT,C,400.0,30.1427472,-102.4020111,X,2/7/2023,1630.0,,,,1.0,Texas Water Development Board,Electric Line,10,"wet below 50', no beep to 365' on highest sensitivity"
5425401,Terrell,218EDDT,C,175.0,30.5796917,-101.9777278,P,2/7/2023,1003.0,149.57,1.8,2184.43,1.0,Texas Water Development Board,Electric Line,,
5426902,Terrell,218EDDT,C,,30.5025972,-101.763825,P,2/6/2023,1639.0,236.36,0.65,1961.64,1.0,Texas Water Development Board,Steel Tape,,"unused for years, may reequip soon"
5426903,Terrell,218EDDT,C,,30.5031417,-101.7621194,P,2/6/2023,1627.0,143.27,1.63,2036.73,1.0,Texas Water Development Board,Steel Tape,,well off 6 hrs
5427802,Terrell,218EDDT,C,60.0,30.5368639,-101.6675694,P,2/6/2023,1423.0,32.43,,1927.57,1.0,Texas Water Development Board,Steel Tape,,
5434204,Terrell,218EDDT,C,26.0,30.4670583,-101.7973472,P,2/7/2023,925.0,10.58,1.25,1994.42,1.0,Texas Water Development Board,Electric Line,,
5434501,Terrell,218EDDT,C,,30.4191667,-101.8157056,P,2/7/2023,842.0,480.22,0.97,1996.78,1.0,Texas Water Development Board,Electric Line,,"pump burned out, unused ~1 yr"
4360309,Tom Green,218CMPK,D,200.0,31.1175,-100.510834,P,7/17/2017,,104.72,0.73,2079.28,1.0,Groundwater Conservation District,Electric Line,,
4425107,Upton,218ALRS,C,250.0,31.6071,-101.975325,X,2/27/2023,1200.0,,,,1.0,Texas Water Development Board,,37,Ran out of time to visit.
4433501,Upton,218ALRS,C,340.0,31.4562778,-101.9368083,X,2/27/2023,1200.0,,,,1.0,Texas Water Development Board,,37,Ran out of time to visit.
4442211,Upton,218ALRS,C,408.0,31.3509333,-101.8223806,X,2/27/2023,1200.0,,,,1.0,Texas Water Development Board,,37,Ran out of time to visit.
4449218,Upton,218ALRS,C,,31.2265278,-101.9349528,X,2/27/2023,1200.0,,,,1.0,Texas Water Development Board,,37,Ran out of time to visit.
4450109,Upton,218ALRS,C,300.0,31.2319639,-101.8424583,X,2/27/2023,1200.0,,,,1.0,Texas Water Development Board,,37,Ran out of time to visit.
4531501,Upton,218ALRS,C,,31.5488028,-102.1919306,X,2/27/2023,1200.0,,,,1.0,Texas Water Development Board,,37,Ran out of time to visit.
4532404,Upton,218ALRS,C,,31.5689833,-102.0854611,X,2/27/2023,1200.0,,,,1.0,Texas Water Development Board,,37,Ran out of time to visit.
4532505,Upton,,C,,31.575375,-102.0568611,X,2/27/2023,1200.0,,,,1.0,Texas Water Development Board,,37,Ran out of time to visit.
4539803,Upton,218ALRS,C,80.0,31.3778778,-102.2025556,X,2/14/2023,1528.0,,,,1.0,Texas Water Development Board,Steel Tape,25,"Really spotty, tried to measure 2x, 2nd time worse"
6927110,Uvalde,218EDDT,C,1100.0,29.5918028,-99.7383778,P,10/12/2022,1302.0,470.71,14.34,934.29,1.0,Texas Water Development Board,Electric Line,,
6927807,Uvalde,218GLRSU,C,75.0,29.5157139,-99.6958222,P,10/12/2022,1406.0,33.0,2.24,1250.0,1.0,Texas Water Development Board,Steel Tape,,
5455101,Val Verde,218EDRD,C,249.0,30.228459,-101.2478558,P,2/10/2023,828.0,184.81,-11.87,1673.19,1.0,Texas Water Development Board,Steel Tape,,
5455102,Val Verde,218EDRD,C,400.0,30.2177988,-101.237436,P,2/10/2023,920.0,164.63,-99.92,1708.37,1.0,Texas Water Development Board,Electric Line,,Measurement from 2022 is suspect. Will review upon additional measurement in 2024.
5455103,Val Verde,218EDRDA,C,,30.2398056,-101.2372778,P,2/10/2023,849.0,215.1,-35.16,,1.0,Texas Water Development Board,Steel Tape,,
5456403,Val Verde,218EDRD,C,150.0,30.17325,-101.0973611,P,2/9/2023,1718.0,43.58,0.21,1698.42,1.0,Texas Water Development Board,Steel Tape,,
5463403,Val Verde,218EDRD,C,,30.0625,-101.2305556,P,2/9/2023,1453.0,210.77,-8.65,1581.23,1.0,Texas Water Development Board,Electric Line,,"POA, pump off 50 min"
5464102,Val Verde,218EDRD,C,85.0,30.1138889,-101.1083333,X,2/9/2023,1705.0,,,,1.0,Texas Water Development Board,,30,
5464401,Val Verde,218EDRD,C,130.0,30.0730556,-101.1175,X,2/9/2023,1655.0,,,,1.0,Texas Water Development Board,,30,
5464404,Val Verde,218EDRD,C,,30.0416667,-101.1125,X,2/9/2023,1645.0,,,,1.0,Texas Water Development Board,,30,
5464701,Val Verde,218EDRD,C,325.0,30.0333333,-101.1077778,X,2/9/2023,1645.0,,,,1.0,Texas Water Development Board,,30,
7001404,Val Verde,218EDRD,C,110.0,29.9203611,-100.9867778,P,2/8/2023,1330.0,68.36,3.77,1397.64,1.0,Texas Water Development Board,Steel Tape,,"POA, pump off 1.5 hrs while I go measure other wells"
7001706,Val Verde,218EDRD,C,130.0,29.8855556,-100.995,P,2/8/2023,1435.0,55.49,-11.04,1322.51,1.0,Texas Water Development Board,Steel Tape,,
7017403,Val Verde,218EDRD,C,,29.6713333,-100.99875,P,2/8/2023,1712.0,62.59,0.01,1117.41,1.0,Texas Water Development Board,Steel Tape,,
7018202,Val Verde,218EDRDA,C,650.0,29.7278167,-100.7936944,X,2/8/2023,1222.0,,,,1.0,Texas Water Development Board,Steel Tape,21,Tape down to ~490’ and it was dry. Didn’t want to put 1000’ eline down equipped well
7033302,Val Verde,218EDRD,C,,29.4772222,-100.9066667,P,2/9/2023,755.0,169.8,18.83,1045.2,1.0,Texas Water Development Board,Electric Line,,
7033508,Val Verde,218EDRD,C,437.0,29.45575,-100.94775,P,2/9/2023,845.0,149.71,-11.64,1025.29,1.0,Texas Water Development Board,Steel Tape,,
7033604,Val Verde,218EDRD,C,554.0,29.4476111,-100.9169444,P,2/9/2023,824.0,160.75,-5.55,1012.25,1.0,Texas Water Development Board,Steel Tape,,
7107601,Val Verde,218EDRD,C,350.0,29.9305556,-101.1508333,X,2/9/2023,1623.0,,,,1.0,Texas Water Development Board,,30,
7112502,Val Verde,218EDRD,C,393.0,29.8143889,-101.5711389,P,2/9/2023,1228.0,268.92,-18.47,1133.08,1.0,Texas Water Development Board,Steel Tape,,
7112503,Val Verde,218EDRD,C,495.0,29.8094167,-101.5605278,P,2/9/2023,1244.0,162.86,-8.67,1217.14,1.0,Texas Water Development Board,Electric Line,,
7122403,Val Verde,218EDRD,C,625.0,29.7019722,-101.3644444,X,2/9/2023,1141.0,,,,1.0,Texas Water Development Board,,30,"Contact did not meet at scheduled time, could not get in touch"
7122502,Val Verde,218EDRDA,C,775.0,29.7045472,-101.3234111,P,2/9/2023,1113.0,321.0,3.0,1124.0,1.0,Texas Water Development Board,Air Line,,43 PSI. Nice new airline installed.
7123901,Val Verde,218EDRD,C,690.0,29.6547222,-101.145,P,2/9/2023,1013.0,347.9,-11.74,1140.1,1.0,Texas Water Development Board,Electric Line,,
7140201,Val Verde,218EDRD,C,405.0,29.4937639,-101.0417833,X,2/9/2023,949.0,,,,1.0,Texas Water Development Board,Electric Line,23,Could not get past ~160’
7140307,Val Verde,218EDRD,C,400.0,29.4713444,-101.0359667,P,2/9/2023,914.0,91.06,-12.14,1070.94,1.0,Texas Water Development Board,Steel Tape,,
LookupAquiferCode,LookupAquiferCodeDescription,,,,,,,,,,,,,,,,
100PECS,Cenozoic Pecos Alluvium,,,,,,,,,,,,,,,,
210CRCS,Cretaceous System,,,,,,,,,,,,,,,,
217CRCSL,Lower Cretaceous Series,,,,,,,,,,,,,,,,
218ALRS,Antlers Sand,,,,,,,,,,,,,,,,
218CMPK,Comanche Peak Limestone,,,,,,,,,,,,,,,,
218EDDT,Edwards and Associated Limestones and Trinity Group,,,,,,,,,,,,,,,,
218EDRD,Edwards Limestone,,,,,,,,,,,,,,,,
218EDRDA,Edwards and Associated Limestones,,,,,,,,,,,,,,,,
218FKBG,Fredericksburg Group,,,,,,,,,,,,,,,,
218FKBT,Fredericksburg and Trinity Groups,,,,,,,,,,,,,,,,
218GLRSU,"Glen Rose Limestone, Upper Member",,,,,,,,,,,,,,,,
218HNSL,Hensell Sand Member of Travis Peak Formation,,,,,,,,,,,,,,,,
218TRNT,Trinity Group,,,,,,,,,,,,,,,,
218WSHT,Washita Group,,,,,,,,,,,,,,,,
UNKNOWN,Aquifer Not Able to be Determined,,,,,,,,,,,,,,,,
LookupObsCode,LookupObsTypeDescription,,,,,,,,,,,,,,,,
C,TWDB Current Site Visit,,,,,,,,,,,,,,,,
D,GCD Current Site Visit,,,,,,,,,,,,,,,,
U,USGS Current Site Visit,,,,,,,,,,,,,,,,
LookupStatusCode,LookupStatusDescription,,,,,,,,,,,,,,,,
P,Publishable,,,,,,,,,,,,,,,,
Q,Questionable,,,,,,,,,,,,,,,,
X,No Measurement,,,,,,,,,,,,,,,,
,,,,,,,,,,,,,,,,,
LookupRemarkId,LookupRemarkDescription,,,,,,,,,,,,,,,,
1,Accurately reflects water level conditions,,,,,,,,,,,,,,,,
2,Pumping-level measurement,,,,,,,,,,,,,,,,
3,Well or wells pumping nearby,,,,,,,,,,,,,,,,
4,Well pumped recently,,,,,,,,,,,,,,,,
10,Inconsistent or spotty tape mark due to wet or leaking casing,,,,,,,,,,,,,,,,
12,Uncertain of reason for questionable measurement,,,,,,,,,,,,,,,,
13,Measurement deleted after review,,,,,,,,,,,,,,,,
14,Measurement may be from incorrect well,,,,,,,,,,,,,,,,
15,Tape may not have fallen free in well during measurement,,,,,,,,,,,,,,,,
16,Tape marked with oil or gasoline,,,,,,,,,,,,,,,,
17,Measurement before well completion,,,,,,,,,,,,,,,,
19,Well pumping,,,,,,,,,,,,,,,,
20,Unable to insert tape into well,,,,,,,,,,,,,,,,
21,Unable to reach water level with available measuring equipment,,,,,,,,,,,,,,,,
22,Unable to measure because tape hangs before reaching water level,,,,,,,,,,,,,,,,
23,Well apparently blocked or caved,,,,,,,,,,,,,,,,
24,"Well apparently dry, well depth reached without water level",,,,,,,,,,,,,,,,
25,Unable to measure due to wet or leaking casing,,,,,,,,,,,,,,,,
26,Unable to measure due to leaking airline tubing,,,,,,,,,,,,,,,,
27,Well flowing and unable to shut-in,,,,,,,,,,,,,,,,
28,Uncertain of reason for no measurement,,,,,,,,,,,,,,,,
29,Unable to locate well,,,,,,,,,,,,,,,,
30,"Well temporarily inaccessible due to impassable roads, locked gate, etc.",,,,,,,,,,,,,,,,
31,Well temporarily inaccessible due to vicious animals,,,,,,,,,,,,,,,,
32,Well temporarily inaccessible due to winterization or debris,,,,,,,,,,,,,,,,
36,Well removed from Water Level Program,,,,,,,,,,,,,,,,
37,No measurement due to admin decision,,,,,,,,,,,,,,,,
38,No measurement due to COVID-19,,,,,,,,,,,,,,,,
