StateWellNumber,County,AquiferCode,ObsCode,WellDepth,LatitudeDD,LongitudeDD,StatusCode,Date,Time,WaterLevel,Change,WaterElevation,MeasNumber,MeasuringAgency,MethodOfMeasurement,RemarkID,Comments
4526908,Crane,,C,,31.5346778,-102.7605889,P,2/15/2023,1234.0,58.25,,2557.75,1.0,Texas Water Development Board,Electric Line,,
4527203,Crane,100PECS,C,94.0,31.6210694,-102.6887167,X,2/27/2023,1200.0,,,,1.0,Texas Water Development Board,,37,Ran out of time to visit.
4529601,Crane,100PECS,C,,31.54745,-102.3777889,P,2/14/2023,1615.0,51.63,,2614.37,1.0,Texas Water Development Board,Electric Line,,
4535205,Crane,100PECS,C,172.0,31.4585389,-102.6692528,P,2/15/2023,1050.0,113.79,,2409.21,1.0,Texas Water Development Board,Electric Line,,Off a couple days
4535210,Crane,100PECS,C,143.0,31.4719944,-102.6793833,Q,2/15/2023,1140.0,95.9,,2454.1,1.0,Texas Water Development Board,Electric Line,4,Off ~20mins
4536109,Crane,100PECS,C,152.0,31.4669778,-102.6193056,P,2/15/2023,1013.0,73.24,,2504.76,1.0,Texas Water Development Board,Electric Line,,Off couple days
4553303,Crane,100PECS,C,150.0,31.2294722,-102.4096083,X,2/27/2023,1200.0,,,,1.0,Texas Water Development Board,,37,Ran out of time to visit.
4562101,Crane,100PECS,C,,31.0975111,-102.3375556,P,2/14/2023,1417.0,24.17,,2289.83,1.0,Texas Water Development Board,Electric Line,,
4611501,Loving,100PECS,C,250.0,31.8205556,-103.6922222,X,2/15/2023,1525.0,,,,1.0,Texas Water Development Board,,30,
4612402,Loving,100PECS,C,173.0,31.8108333,-103.6238889,P,2/15/2023,1550.0,141.83,,2698.17,1.0,Texas Water Development Board,Steel Tape,,
4620403,Loving,100PECS,C,53.0,31.6677778,-103.6030556,P,2/15/2023,1227.0,13.65,,2644.35,1.0,Texas Water Development Board,Steel Tape,,
4541401,Pecos,100PECS,D,155.0,31.3083333,-102.9677778,P,5/17/2023,,93.9,-0.5,2396.1,1.0,Groundwater Conservation District,Electric Line,,
4543806,Pecos,100PECS,U,200.0,31.2738889,-102.6777778,P,7/14/2010,,20.85,,2366.15,1.0,U.S. Geological Survey,Electric Line,,
4550201,Pecos,,D,114.0,31.231667,-102.8225,P,5/23/2023,,44.25,0.25,2341.75,1.0,Groundwater Conservation District,Electric Line,,
4551107,Pecos,100PECS,D,100.0,31.2155556,-102.7186111,P,12/15/2021,,38.25,-0.25,2376.75,1.0,Groundwater Conservation District,Electric Line,,
4551306,Pecos,100PECS,D,157.0,31.2447222,-102.6491667,P,5/23/2023,,27.85,0.25,2354.15,1.0,Groundwater Conservation District,Electric Line,,
4552602,Pecos,,D,83.0,31.19,-102.506667,P,5/23/2023,,21.6,0.25,2317.4,1.0,Groundwater Conservation District,Electric Line,,
4553801,Pecos,,D,76.5,31.1491667,-102.4559722,P,5/23/2023,,16.1,0.25,2307.9,1.0,Groundwater Conservation District,Electric Line,,
4655902,Pecos,100PECS,D,334.0,31.150001,-103.134445,P,5/17/2023,,313.65,3.25,2421.35,1.0,Groundwater Conservation District,Electric Line,,
4656309,Pecos,100PECS,D,331.5,31.2097694,-103.0026278,P,5/17/2023,,211.1,-2.25,2392.9,1.0,Groundwater Conservation District,Electric Line,,
4656411,Pecos,,D,702.0,31.1870556,-103.10125,P,5/17/2023,,395.0,,2292.0,1.0,Groundwater Conservation District,Electric Line,,
4656603,Pecos,,D,528.0,31.185834,-103.015834,P,5/18/2023,,277.0,2.75,2313.0,1.0,Groundwater Conservation District,Electric Line,,
4656703,Pecos,112PECSA,D,649.0,31.1583333,-103.1130556,P,7/19/2019,,389.6,-7.0,2331.4,1.0,Groundwater Conservation District,Electric Line,,
4656706,Pecos,100PECS,D,,31.1522194,-103.1019,P,4/19/2023,,303.5,-1.25,2414.5,1.0,Groundwater Conservation District,Electric Line,,
4656804,Pecos,,D,517.0,31.1365444,-103.0794833,P,5/18/2023,,336.25,2.0,2385.75,1.0,Groundwater Conservation District,Electric Line,,
4662501,Pecos,100PECS,D,224.0,31.0436111,-103.3211111,P,5/18/2023,,197.15,0.75,2692.85,1.0,Groundwater Conservation District,Electric Line,,
4662801,Pecos,100PECS,D,314.0,31.0330556,-103.3008333,P,5/18/2023,,238.35,-0.25,2672.65,1.0,Groundwater Conservation District,Electric Line,,
4664102,Pecos,,D,472.0,31.114723,-103.112778,P,6/10/2014,,305.28,4.66,2463.72,1.0,Groundwater Conservation District,Electric Line,,
4664103,Pecos,,D,,31.1160611,-103.1090528,P,5/18/2023,,308.5,0.75,2457.5,1.0,Groundwater Conservation District,Electric Line,,
5207202,Pecos,,D,569.0,30.980555,-103.205278,P,3/6/2012,,154.29,0.83,2793.71,1.0,Groundwater Conservation District,Electric Line,,
5208402,Pecos,112PECSA,D,429.0,30.9408333,-103.1225,P,5/10/2023,,195.25,16.75,2794.75,1.0,Groundwater Conservation District,Electric Line,,
5216505,Pecos,,D,246.0,30.83,-103.061667,P,5/3/2017,,94.1,-0.7,3046.9,1.0,Groundwater Conservation District,,,
4601701,Reeves,100PECS,D,150.0,31.9061111,-103.9644444,P,12/22/2021,,23.1,-0.5,2861.9,1.0,Groundwater Conservation District,Electric Line,,
4618802,Reeves,100PECS,D,230.0,31.6661111,-103.8236111,P,12/22/2021,,202.8,7.3,2737.2,1.0,Groundwater Conservation District,Electric Line,,
4626401,Reeves,100PECS,D,800.0,31.5702778,-103.8722222,X,12/22/2021,,,,,1.0,Groundwater Conservation District,Electric Line,30,gate locked
4627302,Reeves,100PECS,D,,31.5966667,-103.6461111,X,12/22/2021,,,,,1.0,Groundwater Conservation District,Electric Line,24,"tape stops at ~240 ft, dry"
4635601,Reeves,100PECS,D,360.0,31.4188889,-103.645,P,12/16/2021,,229.3,1.09,2506.7,1.0,Groundwater Conservation District,Electric Line,,
4636909,Reeves,100PECS,D,400.0,31.3925,-103.5408333,P,3/18/2021,,149.4,-0.8,2483.6,1.0,Groundwater Conservation District,Electric Line,,
4643213,Reeves,100PECS,D,1060.0,31.3555556,-103.6777778,P,12/16/2021,,291.6,-2.3,2482.4,1.0,Groundwater Conservation District,Electric Line,,
4644101,Reeves,100PECS,D,514.0,31.3419444,-103.5955556,P,12/16/2021,,207.1,-3.0,2478.9,1.0,Groundwater Conservation District,Electric Line,,
4644203,Reeves,100PECS,D,350.0,31.3391667,-103.5788889,P,12/16/2021,,115.7,-1.3,2555.3,1.0,Groundwater Conservation District,Electric Line,,
4644704,Reeves,100PECS,D,1406.0,31.2911111,-103.6180556,P,12/16/2021,,230.2,0.96,2464.8,1.0,Groundwater Conservation District,Electric Line,,
4644803,Reeves,100PECS,D,150.0,31.2575,-103.5580556,X,12/17/2021,,,,,1.0,Groundwater Conservation District,Electric Line,24,dry
4646101,Reeves,100PECS,D,,31.3711111,-103.3491667,P,12/22/2021,,42.2,,2533.8,1.0,Groundwater Conservation District,Electric Line,,
4648301,Reeves,100PECS,D,140.0,31.3505556,-103.0319444,P,5/17/2023,,49.9,-0.75,2434.1,1.0,Groundwater Conservation District,Electric Line,,
4651903,Reeves,100PECS,D,623.0,31.1530556,-103.6647222,X,12/17/2021,,,,,1.0,Groundwater Conservation District,Electric Line,21,"obstruction, no measure"
4651907,Reeves,100PECS,D,657.0,31.1369444,-103.6294444,P,12/17/2021,,197.9,-41.8,2624.1,1.0,Groundwater Conservation District,Electric Line,,
4652104,Reeves,100PECS,D,438.0,31.2163889,-103.6244444,Q,12/22/2021,,214.5,11.3,2529.5,1.0,Groundwater Conservation District,Electric Line,15,tape hung up
4652111,Reeves,100PECS,D,,31.2355556,-103.6019444,P,12/17/2021,,193.1,7.7,2508.9,1.0,Groundwater Conservation District,Electric Line,,
4652201,Reeves,100PECS,D,,31.2155556,-103.5672222,P,12/17/2021,,136.9,-3.1,2557.1,1.0,Groundwater Conservation District,Electric Line,,
4652404,Reeves,100PECS,D,643.0,31.1883333,-103.5855556,X,12/22/2021,,,,,1.0,Groundwater Conservation District,Electric Line,21,"obstruction, no measure"
4652501,Reeves,100PECS,D,580.0,31.1861111,-103.5705556,X,12/17/2021,,,,,1.0,Groundwater Conservation District,Electric Line,24,dry
4652607,Reeves,100PECS,D,,31.1702778,-103.5088889,Q,12/17/2021,,209.6,66.5,2531.4,1.0,Groundwater Conservation District,Electric Line,12,
4652703,Reeves,100PECS,D,595.0,31.1641667,-103.6144444,P,12/17/2021,,169.1,-7.4,2608.9,1.0,Groundwater Conservation District,Electric Line,,
4653801,Reeves,100PECS,D,420.0,31.1275,-103.4175,X,12/17/2021,,,,,1.0,Groundwater Conservation District,Electric Line,24,dry
4659105,Reeves,100PECS,D,600.0,31.1022222,-103.7261111,P,12/20/2021,,290.9,-12.37,2713.1,1.0,Groundwater Conservation District,Electric Line,,
4659201,Reeves,100PECS,D,590.0,31.1052778,-103.6916667,P,12/20/2021,,307.6,5.8,2627.4,1.0,Groundwater Conservation District,Electric Line,,
4659303,Reeves,100PECS,D,678.0,31.085,-103.6294444,P,12/17/2021,,262.8,-11.88,2632.2,1.0,Groundwater Conservation District,Electric Line,,
4659304,Reeves,100PECS,D,758.0,31.1030556,-103.6430556,X,12/17/2021,,,,,1.0,Groundwater Conservation District,Electric Line,21,"obstruction, need steel tape"
4660101,Reeves,100PECS,D,560.0,31.1161111,-103.5963889,P,12/22/2021,,218.9,15.66,2605.1,1.0,Groundwater Conservation District,Electric Line,,
5203302,Reeves,100PECS,D,400.0,30.9597222,-103.6355556,P,12/23/2021,,305.3,-0.57,2727.7,1.0,Groundwater Conservation District,Electric Line,,
5204105,Reeves,100PECS,D,350.0,30.9838889,-103.6038889,Q,5/26/2021,,236.0,13.92,2707.0,1.0,Groundwater Conservation District,Electric Line,12,
4518801,Ward,100PECS,C,75.0,31.6355556,-102.8150361,P,2/15/2023,1345.0,30.36,2.13,2703.64,1.0,Texas Water Development Board,Steel Tape,,
4526202,Ward,100PECS,C,80.0,31.6163611,-102.8231472,X,2/27/2023,1200.0,,,,1.0,Texas Water Development Board,,37,Ran out of time to visit.
4526614,Ward,,C,,31.5540972,-102.7706194,P,2/15/2023,1246.0,64.49,,2569.51,1.0,Texas Water Development Board,Electric Line,,
4533501,Ward,100PECS,C,71.0,31.4383389,-102.9311389,X,2/15/2023,1200.0,,,,1.0,Texas Water Development Board,Steel Tape,22,Open well but could not get e-line or ST from hanging. Kept losing weight multiple times.
4624703,Ward,100PECS,C,385.0,31.6321333,-103.086325,X,2/27/2023,1200.0,,,,1.0,Texas Water Development Board,,37,Ran out of time to visit.
4624705,Ward,100PECS,C,387.0,31.6391889,-103.0935472,X,2/27/2023,1200.0,,,,1.0,Texas Water Development Board,,37,Ran out of time to visit.
4632706,Ward,100PECS,C,334.0,31.5385583,-103.0855278,P,2/15/2023,1737.0,102.35,0.68,2512.65,1.0,Texas Water Development Board,Electric Line,,
4637101,Ward,100PECS,C,300.0,31.4598444,-103.4740917,P,2/16/2023,1319.0,21.74,0.41,2552.26,1.0,Texas Water Development Board,Steel Tape,,Remark code 24 removed and measurement status changed to publishable on 3/24/2023 after confirmation with well owner.
4640206,Ward,100PECS,C,248.0,31.4801222,-103.0468778,P,2/16/2023,919.0,132.64,0.9,2492.36,1.0,Texas Water Development Board,Steel Tape,,Off >12hrs
4501901,Winkler,100PECS,C,108.0,31.9028556,-102.9051806,X,2/27/2023,1200.0,,,,1.0,Texas Water Development Board,,37,Ran out of time to visit.
4606301,Winkler,100PECS,C,149.0,31.9876472,-103.2596333,X,2/27/2023,1200.0,,,,1.0,Texas Water Development Board,,37,Ran out of time to visit.
4607401,Winkler,100PECS,C,118.0,31.9309694,-103.2424944,X,2/27/2023,1200.0,,,,1.0,Texas Water Development Board,,37,Ran out of time to visit.
4607402,Winkler,100PECS,C,130.0,31.932275,-103.2166917,X,2/27/2023,1200.0,,,,1.0,Texas Water Development Board,,37,Ran out of time to visit.
4615402,Winkler,100PECS,C,190.0,31.8312222,-103.2101472,X,2/27/2023,1200.0,,,,1.0,Texas Water Development Board,,37,Ran out of time to visit.
4616901,Winkler,100PECS,C,120.0,31.7630139,-103.0082361,X,2/27/2023,1200.0,,,,1.0,Texas Water Development Board,,37,Ran out of time to visit.
4624301,Winkler,100PECS,C,101.0,31.730125,-103.0082278,X,2/27/2023,1200.0,,,,1.0,Texas Water Development Board,,37,Ran out of time to visit.
LookupAquiferCode,LookupAquiferCodeDescription,,,,,,,,,,,,,,,,
100PECS,Cenozoic Pecos Alluvium,,,,,,,,,,,,,,,,
112PECSA,Pecos Aquifer,,,,,,,,,,,,,,,,
LookupObsCode,LookupObsTypeDescription,,,,,,,,,,,,,,,,
C,TWDB Current Site Visit,,,,,,,,,,,,,,,,
D,GCD Current Site Visit,,,,,,,,,,,,,,,,
U,USGS Current Site Visit,,,,,,,,,,,,,,,,
LookupStatusCode,LookupStatusDescription,,,,,,,,,,,,,,,,
P,Publishable,,,,,,,,,,,,,,,,
Q,Questionable,,,,,,,,,,,,,,,,
X,No Measurement,,,,,,,,,,,,,,,,
,,,,,,,,,,,,,,,,,
LookupRemarkId,LookupRemarkDescription,,,,,,,,,,,,,,,,
1,Accurately reflects water level conditions,,,,,,,,,,,,,,,,
2,Pumping-level measurement,,,,,,,,,,,,,,,,
3,Well or wells pumping nearby,,,,,,,,,,,,,,,,
4,Well pumped recently,,,,,,,,,,,,,,,,
10,Inconsistent or spotty tape mark due to wet or leaking casing,,,,,,,,,,,,,,,,
12,Uncertain of reason for questionable measurement,,,,,,,,,,,,,,,,
15,Tape may not have fallen free in well during measurement,,,,,,,,,,,,,,,,
16,Tape marked with oil or gasoline,,,,,,,,,,,,,,,,
19,Well pumping,,,,,,,,,,,,,,,,
20,Unable to insert tape into well,,,,,,,,,,,,,,,,
21,Unable to reach water level with available measuring equipment,,,,,,,,,,,,,,,,
22,Unable to measure because tape hangs before reaching water level,,,,,,,,,,,,,,,,
23,Well apparently blocked or caved,,,,,,,,,,,,,,,,
24,"Well apparently dry, well depth reached without water level",,,,,,,,,,,,,,,,
25,Unable to measure due to wet or leaking casing,,,,,,,,,,,,,,,,
27,Well flowing and unable to shut-in,,,,,,,,,,,,,,,,
28,Uncertain of reason for no measurement,,,,,,,,,,,,,,,,
29,Unable to locate well,,,,,,,,,,,,,,,,
30,"Well temporarily inaccessible due to impassable roads, locked gate, etc.",,,,,,,,,,,,,,,,
31,Well temporarily inaccessible due to vicious animals,,,,,,,,,,,,,,,,
32,Well temporarily inaccessible due to winterization or debris,,,,,,,,,,,,,,,,
37,No measurement due to admin decision,,,,,,,,,,,,,,,,
