StateWellNumber,County,AquiferCode,ObsCode,WellDepth,LatitudeDD,LongitudeDD,StatusCode,Date,Time,WaterLevel,Change,WaterElevation,MeasNumber,MeasuringAgency,MethodOfMeasurement,RemarkID,Comments
2122802,Baylor,110ALVM,D,41.0,33.632778,-99.300834,P,11/22/2022,,21.83,4.75,1278.17,1.0,Groundwater Conservation District,Electric Line,,
2130202,Baylor,110AVFV,D,33.0,33.610834,-99.303056,P,11/22/2022,,16.33,2.83,1280.67,1.0,Groundwater Conservation District,Electric Line,,
1241116,Briscoe,,D,,34.36445,-100.9648111,P,1/5/2023,,52.44,4.44,2356.56,1.0,Groundwater Conservation District,Steel Tape,,
1241117,Briscoe,,D,,34.3645278,-100.9633833,P,12/28/2021,,51.0,2.92,2355.0,1.0,Groundwater Conservation District,Steel Tape,,
1241432,Briscoe,,D,,34.3169806,-100.9985056,P,12/30/2022,,71.98,7.63,2384.02,1.0,Groundwater Conservation District,Steel Tape,,
1230916,Childress,110AVFV,C,202.0,34.5216667,-100.2572222,P,12/5/2022,1557.0,149.07,4.57,1745.93,1.0,Texas Water Development Board,Steel Tape,,
1462401,Clay,110ALVM,C,50.0,34.0794444,-98.3430556,X,12/13/2022,1125.0,,,,1.0,Texas Water Development Board,Steel Tape,22,Hangs
1463301,Clay,110AVFV,C,35.0,34.115,-98.1508333,P,12/13/2022,1001.0,24.69,2.5,896.31,1.0,Texas Water Development Board,Steel Tape,,
0561806,Collingsworth,UNKNOWN,D,,35.001389,-100.436667,P,1/19/2023,,46.5,3.4,2148.5,1.0,Groundwater Conservation District,Steel Tape,,
0562710,Collingsworth,UNKNOWN,D,,35.002501,-100.371111,P,12/21/2022,,134.43,9.23,2074.57,1.0,Groundwater Conservation District,Steel Tape,,
1205220,Collingsworth,UNKNOWN,D,,34.964723,-100.418055,P,1/11/2023,,122.2,2.11,2148.8,1.0,Groundwater Conservation District,Steel Tape,,
1205223,Collingsworth,UNKNOWN,D,,34.973889,-100.438889,P,1/11/2023,,98.2,2.7,2173.8,1.0,Groundwater Conservation District,Steel Tape,,
1205224,Collingsworth,UNKNOWN,D,,34.9836111,-100.4205556,P,2/24/2017,,76.6,-3.4,2175.4,1.0,Groundwater Conservation District,Steel Tape,,
1205317,Collingsworth,UNKNOWN,D,,34.987222,-100.398611,P,1/11/2023,,80.95,-0.34,2149.05,1.0,Groundwater Conservation District,Steel Tape,,
1205332,Collingsworth,UNKNOWN,D,,34.9744444,-100.4161111,P,1/11/2023,,107.55,7.45,2150.45,1.0,Groundwater Conservation District,Steel Tape,,
1205336,Collingsworth,UNKNOWN,D,,34.968889,-100.386389,P,1/11/2023,,118.5,7.4,2120.5,1.0,Groundwater Conservation District,Steel Tape,,
1205343,Collingsworth,UNKNOWN,D,,34.9858333,-100.4161111,P,2/2/2016,,92.3,,2165.7,1.0,Groundwater Conservation District,Steel Tape,,
1205344,Collingsworth,UNKNOWN,D,,34.967778,-100.388889,P,2/27/2017,,87.0,-3.59,2146.0,1.0,Groundwater Conservation District,Steel Tape,,
1205406,Collingsworth,UNKNOWN,D,,34.946945,-100.473611,P,1/11/2023,,93.95,3.0,2286.05,1.0,Groundwater Conservation District,Steel Tape,,
1205508,Collingsworth,UNKNOWN,D,,34.946945,-100.42,P,1/11/2023,,88.65,-0.45,2182.35,1.0,Groundwater Conservation District,Steel Tape,,
1205616,Collingsworth,UNKNOWN,D,,34.938334,-100.389722,Q,1/11/2023,,123.13,21.53,2109.87,1.0,Groundwater Conservation District,Steel Tape,12,
1205626,Collingsworth,UNKNOWN,D,,34.926111,-100.409445,P,1/11/2023,,46.0,1.4,2200.0,1.0,Groundwater Conservation District,Steel Tape,,
1205629,Collingsworth,UNKNOWN,D,,34.9216667,-100.3816667,P,1/11/2023,,109.2,3.6,2137.8,1.0,Groundwater Conservation District,Steel Tape,,
1205630,Collingsworth,UNKNOWN,D,,34.931944,-100.380278,Q,1/11/2023,,128.97,34.87,2083.03,1.0,Groundwater Conservation District,Steel Tape,12,
1205635,Collingsworth,UNKNOWN,D,,34.954167,-100.393889,Q,1/11/2023,,129.05,34.85,2103.95,1.0,Groundwater Conservation District,Steel Tape,12,
1205637,Collingsworth,UNKNOWN,D,,34.957778,-100.381111,Q,1/11/2023,,119.82,27.07,2103.18,1.0,Groundwater Conservation District,Steel Tape,12,
1205807,Collingsworth,UNKNOWN,D,,34.884167,-100.416667,P,1/11/2023,,55.8,2.05,2195.2,1.0,Groundwater Conservation District,Steel Tape,,
1205911,Collingsworth,110ALVM,D,90.0,34.9033333,-100.3972222,P,1/11/2023,,50.43,3.48,2206.57,1.0,Groundwater Conservation District,Steel Tape,,
1205920,Collingsworth,UNKNOWN,D,,34.898889,-100.375833,Q,1/11/2023,,113.6,21.8,2102.4,1.0,Groundwater Conservation District,Steel Tape,12,
1206107,Collingsworth,UNKNOWN,D,,34.981944,-100.370833,Q,1/10/2023,,79.5,11.0,2120.5,1.0,Groundwater Conservation District,Steel Tape,12,
1206109,Collingsworth,UNKNOWN,D,,34.973611,-100.345,P,1/10/2023,,48.4,-5.0,2091.6,1.0,Groundwater Conservation District,Steel Tape,,
1206210,Collingsworth,UNKNOWN,D,,34.961112,-100.326944,P,1/10/2023,,75.2,-6.92,2082.8,1.0,Groundwater Conservation District,Steel Tape,,
1206217,Collingsworth,UNKNOWN,D,,34.968611,-100.314167,P,12/20/2022,,95.09,-10.96,2049.91,1.0,Groundwater Conservation District,Steel Tape,,
1206410,Collingsworth,UNKNOWN,D,,34.9475,-100.343334,Q,1/10/2023,,90.5,21.85,2090.5,1.0,Groundwater Conservation District,Steel Tape,12,
1206416,Collingsworth,UNKNOWN,D,,34.949722,-100.364167,P,1/10/2023,,96.1,7.65,2098.9,1.0,Groundwater Conservation District,Steel Tape,,
1206418,Collingsworth,UNKNOWN,D,,34.921389,-100.344722,P,1/10/2023,,112.8,6.4,2103.2,1.0,Groundwater Conservation District,Steel Tape,,
1206511,Collingsworth,UNKNOWN,D,,34.943334,-100.311667,P,12/20/2022,,94.83,2.43,2055.17,1.0,Groundwater Conservation District,Steel Tape,,
1206513,Collingsworth,UNKNOWN,D,,34.9225,-100.311112,P,12/20/2022,,91.69,3.29,2080.31,1.0,Groundwater Conservation District,Steel Tape,,
1206614,Collingsworth,UNKNOWN,D,,34.935834,-100.265278,P,12/20/2022,,85.77,1.57,2024.23,1.0,Groundwater Conservation District,Steel Tape,,
1206615,Collingsworth,UNKNOWN,D,,34.947778,-100.288056,P,12/20/2022,,103.42,5.02,2021.58,1.0,Groundwater Conservation District,Steel Tape,,
1206633,Collingsworth,112SYMR,D,130.0,34.9285,-100.28515,P,1/10/2023,,70.5,1.3,2060.5,1.0,Groundwater Conservation District,Steel Tape,,
1206707,Collingsworth,110ALVP,D,110.0,34.893334,-100.334167,P,1/10/2023,,71.77,4.12,2098.23,1.0,Groundwater Conservation District,Steel Tape,,
1206708,Collingsworth,UNKNOWN,D,,34.913056,-100.371944,P,1/10/2023,,103.86,-5.43,2136.14,1.0,Groundwater Conservation District,Steel Tape,,
1206709,Collingsworth,UNKNOWN,D,,34.900278,-100.336667,P,2/23/2017,,58.8,-2.7,2115.2,1.0,Groundwater Conservation District,Steel Tape,,
1206910,Collingsworth,UNKNOWN,D,,34.915278,-100.288889,P,1/1/2015,,56.4,1.3,2082.6,1.0,Groundwater Conservation District,Steel Tape,,
1206916,Collingsworth,UNKNOWN,D,,34.914445,-100.290278,P,12/20/2022,,57.56,-1.04,2083.44,1.0,Groundwater Conservation District,Steel Tape,,
1207414,Collingsworth,UNKNOWN,D,,34.9241667,-100.2458333,P,12/20/2022,,63.71,0.66,2037.29,1.0,Groundwater Conservation District,Steel Tape,,
1207418,Collingsworth,110ALVM,D,121.0,34.920278,-100.222222,P,2/27/2017,,53.6,-2.8,2048.4,1.0,Groundwater Conservation District,Steel Tape,,
1360503,Foard,112SYMR,C,32.0,34.0533333,-99.5669444,P,12/16/2022,1141.0,19.1,0.6,1290.9,1.0,Texas Water Development Board,Electric Line,,
1218813,Hall,,D,140.0,34.6483917,-100.8014222,P,1/4/2023,,47.23,3.17,2034.77,1.0,Groundwater Conservation District,Steel Tape,,
1219404,Hall,112SYMR,D,95.0,34.669167,-100.746389,P,12/28/2022,,48.55,8.9,2083.45,1.0,Groundwater Conservation District,Steel Tape,,
1219514,Hall,112SYMR,D,150.0,34.6711111,-100.7,P,1/8/2022,,38.69,0.1,2095.31,1.0,Groundwater Conservation District,Steel Tape,,
1219706,Hall,,D,162.0,34.6628167,-100.7443667,P,12/28/2022,,33.0,3.55,2080.0,1.0,Groundwater Conservation District,Steel Tape,,
1220405,Hall,,D,,34.6778,-100.5891111,P,12/27/2022,,68.7,3.03,1941.3,1.0,Groundwater Conservation District,Steel Tape,,
1220509,Hall,112SYMR,D,200.0,34.6734389,-100.5648333,P,1/30/2017,,96.5,1.38,1991.5,1.0,Groundwater Conservation District,Steel Tape,,
1220518,Hall,,D,139.0,34.6889389,-100.5692,P,1/12/2023,,62.3,2.14,1983.7,1.0,Groundwater Conservation District,Steel Tape,,
1220718,Hall,112SYMR,D,100.0,34.65995,-100.5956417,P,1/1/2023,,61.86,1.28,1927.14,1.0,Groundwater Conservation District,Steel Tape,,
1220719,Hall,,D,150.0,34.645,-100.595,P,1/1/2023,,71.54,-3.17,1898.46,1.0,Groundwater Conservation District,Steel Tape,,
1228113,Hall,,D,,34.6127778,-100.5927778,P,1/1/2023,,69.77,1.27,1865.23,1.0,Groundwater Conservation District,Steel Tape,,
1229403,Hall,112SYMR,D,100.0,34.5552778,-100.4991667,P,12/8/2021,1439.0,19.45,-1.15,1814.55,1.0,Texas Water Development Board,Electric Line,,
1229415,Hall,,D,,34.5586667,-100.4978889,P,2/24/2017,,21.4,,1802.6,1.0,Groundwater Conservation District,Steel Tape,,
1229511,Hall,112SYMR,D,70.0,34.5533333,-100.4561111,P,1/4/2023,,34.73,3.63,1784.27,1.0,Groundwater Conservation District,Steel Tape,,
1241302,Hall,112SYMR,C,152.0,34.3575,-100.915,P,12/8/2022,1530.0,41.63,2.77,2317.37,1.0,Texas Water Development Board,Steel Tape,,
1241313,Hall,,D,,34.36135,-100.9133861,P,12/30/2022,,46.87,0.27,2319.13,1.0,Groundwater Conservation District,Steel Tape,,
1242404,Hall,112SYMR,C,75.0,34.3297222,-100.8491667,P,12/8/2022,953.0,57.05,4.16,2188.95,1.0,Texas Water Development Board,Steel Tape,,
1242413,Hall,312OCHO,D,,34.3156389,-100.8469444,P,12/30/2022,,71.08,0.46,2182.92,1.0,Groundwater Conservation District,Steel Tape,,
1242419,Hall,,D,140.0,34.318925,-100.8615694,P,12/30/2022,,59.42,-1.38,2208.58,1.0,Groundwater Conservation District,Steel Tape,,
1353102,Hardeman,110ALVM,C,86.0,34.2393028,-99.4965,P,12/16/2022,1051.0,52.56,1.02,1406.44,1.0,Texas Water Development Board,Steel Tape,,Off >8 hr
2134731,Haskell,112SYMR,D,,33.386111,-99.854723,P,11/22/2022,,32.25,2.67,1515.75,1.0,Groundwater Conservation District,Electric Line,,
2134902,Haskell,110ALVM,D,55.0,33.3769444,-99.7597222,P,11/22/2022,,46.67,,1498.33,1.0,Groundwater Conservation District,Electric Line,,
2135702,Haskell,110ALVM,D,54.0,33.391945,-99.749722,P,11/22/2022,,46.66,2.16,1490.34,1.0,Groundwater Conservation District,Electric Line,,
2135801,Haskell,110ALVM,D,61.0,33.3941667,-99.6977778,P,2/15/2023,,48.86,,1467.14,1.0,Groundwater Conservation District,Electric Line,,
2141818,Haskell,112SYMR,D,,33.25,-99.9183333,P,11/22/2022,,48.5,1.0,1589.5,1.0,Groundwater Conservation District,Electric Line,,
2142201,Haskell,110ALVM,D,55.0,33.360556,-99.810556,X,1/19/2022,,,,,1.0,Groundwater Conservation District,,2,Running
2142258,Haskell,112SYMR,D,,33.3475,-99.8208333,P,11/22/2022,,54.33,2.0,1524.67,1.0,Groundwater Conservation District,Electric Line,,
2142320,Haskell,110ALVM,D,47.0,33.374444,-99.776111,P,11/22/2022,,42.67,,1504.33,1.0,Groundwater Conservation District,Electric Line,,
2142460,Haskell,112SYMR,D,,33.299445,-99.840834,P,11/22/2022,,51.67,3.92,1541.33,1.0,Groundwater Conservation District,Electric Line,,
2150402,Haskell,112SYMR,D,43.0,33.1913889,-99.8372222,P,11/22/2022,,27.33,3.66,1629.67,1.0,Groundwater Conservation District,Electric Line,,
2150436,Haskell,112SYMR,D,47.0,33.1872222,-99.8536111,P,11/22/2022,,29.67,,1636.33,1.0,Groundwater Conservation District,Electric Line,,
2151704,Haskell,112SYMR,D,22.0,33.1547222,-99.7330556,P,11/22/2022,,12.75,0.75,1559.25,1.0,Groundwater Conservation District,Electric Line,,
2151801,Haskell,112SYMR,D,42.0,33.143889,-99.708056,P,11/22/2022,,32.58,4.08,1548.42,1.0,Groundwater Conservation District,Electric Line,,
2923606,Jones,110ALVM,C,37.0,32.6697222,-100.1341667,X,12/10/2022,1217.0,,,,1.0,Texas Water Development Board,,37,Lightning - no time to return
2924310,Jones,112SYMR,C,90.0,32.7216667,-100.005,X,12/10/2022,1217.0,,,,1.0,Texas Water Development Board,,37,Lightning - no time to return
3002609,Jones,110ALVM,C,85.0,32.9366667,-99.7669444,X,12/10/2022,1218.0,,,,1.0,Texas Water Development Board,,37,Lightning - no time to return
3018222,Jones,110ALVM,C,55.0,32.7219444,-99.8013889,X,12/10/2022,1218.0,,,,1.0,Texas Water Development Board,,37,Lightning - no time to return
3018428,Jones,UNKNOWN,C,,32.6933333,-99.8691667,P,12/10/2022,1030.0,69.65,1.48,1730.35,1.0,Texas Water Development Board,Steel Tape,,
3018510,Jones,110ALVM,C,60.0,32.7072222,-99.8091667,X,12/10/2022,0.0,,,,1.0,Texas Water Development Board,Steel Tape,37,Lightning - no time to return
3018702,Jones,112SYMR,C,62.0,32.6541667,-99.8463889,Q,12/10/2022,1052.0,52.2,2.39,1673.8,1.0,Texas Water Development Board,Steel Tape,4,"Almost ate my steel tape, may have been pumping? No shutoff in wellhouse."
3019405,Jones,112SYMR,C,65.0,32.6952778,-99.7244444,X,12/10/2022,1221.0,,,,1.0,Texas Water Development Board,,37,Lightning - no time to return
3027132,Jones,110AHTP,C,32.0,32.5958333,-99.7502778,X,12/10/2022,1222.0,,,,1.0,Texas Water Development Board,,37,Lightning - no time to return
2252107,Kent,110ALVM,C,65.0,33.2447222,-100.6213889,P,12/14/2022,1321.0,28.53,0.72,1910.47,1.0,Texas Water Development Board,Electric Line,,
2252110,Kent,110AHTP,C,75.0,33.2446139,-100.622075,P,12/14/2022,1329.0,24.36,0.8,1907.64,1.0,Texas Water Development Board,Steel Tape,,
2119215,Knox,UNKNOWN,D,39.1,33.7305556,-99.6811111,P,2/15/2023,,31.31,0.78,1474.69,1.0,Groundwater Conservation District,Electric Line,,
2120901,Knox,112SYMR,D,35.0,33.6419444,-99.5111111,P,11/22/2022,,14.92,-1.16,1411.08,1.0,Groundwater Conservation District,Electric Line,,
2127801,Knox,110ALVM,D,42.0,33.5044444,-99.6872222,P,2/15/2023,,31.53,,1412.47,1.0,Groundwater Conservation District,Electric Line,,
2127904,Knox,112SYMR,D,36.0,33.526389,-99.631944,P,11/22/2022,,24.75,0.92,1396.25,1.0,Groundwater Conservation District,Electric Line,,
2135102,Knox,110ALVM,D,,33.4736111,-99.7377778,P,2/15/2023,,42.02,,1436.98,1.0,Groundwater Conservation District,Electric Line,,
2135201,Knox,112SYMR,D,62.0,33.4605556,-99.6947222,P,11/22/2022,,45.0,4.5,1458.0,1.0,Groundwater Conservation District,Electric Line,,
2135301,Knox,112SYMR,D,59.0,33.4763889,-99.6252778,P,2/15/2023,,33.59,,1446.41,1.0,Groundwater Conservation District,Electric Line,,
2136243,Knox,UNKNOWN,D,,33.4686111,-99.545,P,11/22/2022,,37.14,-1.86,1424.86,1.0,Groundwater Conservation District,Electric Line,,
1241418,Motley,110ALVM,D,117.0,34.3027778,-100.9727778,P,12/30/2022,,87.83,2.33,2307.17,1.0,Groundwater Conservation District,Steel Tape,,
1241604,Motley,112SYMR,D,182.0,34.3127778,-100.9016667,P,12/30/2022,,84.2,4.12,2247.8,1.0,Groundwater Conservation District,Steel Tape,,
3025715,Taylor,112SYMR,C,38.0,32.5175,-99.9913889,P,10/25/2022,1225.0,12.57,3.52,1796.43,1.0,Texas Water Development Board,Steel Tape,,
1449823,Wichita,110ALVM,C,37.0,34.1570389,-98.9325167,P,12/14/2022,1142.0,21.33,1.21,1077.67,1.0,Texas Water Development Board,Steel Tape,,
1460101,Wichita,110ALVM,C,26.0,34.1102778,-98.5997222,X,12/13/2022,1238.0,,,,1.0,Texas Water Development Board,Steel Tape,20,"Casing caked in mud, tried to shovel out the mud but just, more mud deep in the casing."
1338701,Wilbarger,110ALVP,C,112.0,34.375,-99.3491667,P,12/15/2022,1055.0,48.68,-0.72,1323.32,1.0,Texas Water Development Board,Steel Tape,,
1345504,Wilbarger,110ALVM,C,60.0,34.3108333,-99.4338889,P,12/15/2022,1216.0,21.66,1.18,1333.34,1.0,Texas Water Development Board,Steel Tape,,
1345603,Wilbarger,110ALVM,C,70.0,34.3252778,-99.3872222,P,12/15/2022,1352.0,49.96,2.66,1353.04,1.0,Texas Water Development Board,Electric Line,,
1346104,Wilbarger,110ALVM,C,84.0,34.3613889,-99.3675,P,12/15/2022,1022.0,39.63,-0.63,1317.37,1.0,Texas Water Development Board,Steel Tape,,City turned off wells ahead of time.
1346106,Wilbarger,110ALVM,C,92.0,34.3641667,-99.3569444,P,12/15/2022,957.0,40.93,0.84,1322.07,1.0,Texas Water Development Board,Steel Tape,,City shut off wells ahead of time.
1346402,Wilbarger,110ALVP,C,100.0,34.3180556,-99.3663889,P,12/15/2022,1310.0,66.46,-19.44,1345.54,1.0,Texas Water Development Board,Steel Tape,,Not pumping
1346409,Wilbarger,110ALVM,C,105.0,34.3252778,-99.34,P,12/15/2022,1134.0,54.86,1.31,1338.14,1.0,Texas Water Development Board,Steel Tape,,
1346504,Wilbarger,110ALVM,C,120.0,34.3306667,-99.3178056,X,12/15/2022,1250.0,,,,1.0,Texas Water Development Board,,30,Route impassable from both directions.
1346505,Wilbarger,110ALVM,C,120.0,34.3308333,-99.3163889,X,12/15/2022,1251.0,,,,1.0,Texas Water Development Board,,30,Route impassable from both directions
1354825,Wilbarger,110ALVM,C,40.0,34.1327778,-99.3022222,P,12/13/2022,1439.0,28.53,1.62,1223.47,1.0,Texas Water Development Board,Steel Tape,,
1354905,Wilbarger,110ALVP,C,53.0,34.1480556,-99.2866667,P,12/13/2022,1422.0,21.84,0.87,1206.16,1.0,Texas Water Development Board,Steel Tape,,
1356901,Wilbarger,110ALVM,C,29.0,34.165,-99.0352778,P,12/13/2022,1330.0,7.4,-1.41,1148.6,1.0,Texas Water Development Board,Steel Tape,,
1361302,Wilbarger,110ALVM,C,39.0,34.0941667,-99.4158333,X,12/15/2022,1711.0,,,,1.0,Texas Water Development Board,Steel Tape,20,"Could not insert or lift casing lid enough to insert. Casing lid on snug, could barely lift it."
1361422,Wilbarger,110ALVM,C,56.0,34.0583333,-99.4605556,P,12/17/2022,1541.0,34.23,2.69,1271.77,1.0,Texas Water Development Board,Steel Tape,,
1361602,Wilbarger,110ALVM,C,130.0,34.0775,-99.3919444,P,12/14/2022,1257.0,34.43,1.6,1267.57,1.0,Texas Water Development Board,Steel Tape,,
1361813,Wilbarger,110ALVM,C,34.0,34.0119444,-99.4238889,P,12/14/2022,1233.0,21.44,1.96,1300.56,1.0,Texas Water Development Board,Steel Tape,,
1362115,Wilbarger,110ALVP,C,47.0,34.0936111,-99.3675,X,12/14/2022,1340.0,,,,1.0,Texas Water Development Board,Steel Tape,22,"Hangs. Do not understand what PVC to insert as described last year. All PVC was sealed up, only steel casing to insert into."
1362162,Wilbarger,110ALVM,C,45.0,34.0855556,-99.3394444,P,12/13/2022,1544.0,20.25,1.72,1262.75,1.0,Texas Water Development Board,Steel Tape,,
1362216,Wilbarger,110ALVM,C,28.0,34.0869444,-99.3058333,X,12/13/2022,1520.0,,,,1.0,Texas Water Development Board,Steel Tape,20,"POA, turned off waited 10 min. Could not fit tape in casing eline hole, too tight with wire."
LookupAquiferCode,LookupAquiferCodeDescription,,,,,,,,,,,,,,,,
110AHTP,Alluvium and High Terrace Deposits,,,,,,,,,,,,,,,,
110ALVM,Quaternary Alluvium,,,,,,,,,,,,,,,,
110ALVP,Alluvial Plain Deposits,,,,,,,,,,,,,,,,
110AVFV,Alluvium and Fluviatile Terrace Deposits,,,,,,,,,,,,,,,,
112SYMR,Seymour Formation,,,,,,,,,,,,,,,,
312OCHO,Ochoan Series,,,,,,,,,,,,,,,,
UNKNOWN,Aquifer Not Able to be Determined,,,,,,,,,,,,,,,,
LookupObsCode,LookupObsTypeDescription,,,,,,,,,,,,,,,,
C,TWDB Current Site Visit,,,,,,,,,,,,,,,,
D,GCD Current Site Visit,,,,,,,,,,,,,,,,
LookupStatusCode,LookupStatusDescription,,,,,,,,,,,,,,,,
P,Publishable,,,,,,,,,,,,,,,,
Q,Questionable,,,,,,,,,,,,,,,,
X,No Measurement,,,,,,,,,,,,,,,,
,,,,,,,,,,,,,,,,,
LookupRemarkId,LookupRemarkDescription,,,,,,,,,,,,,,,,
1,Accurately reflects water level conditions,,,,,,,,,,,,,,,,
2,Pumping-level measurement,,,,,,,,,,,,,,,,
3,Well or wells pumping nearby,,,,,,,,,,,,,,,,
4,Well pumped recently,,,,,,,,,,,,,,,,
5,Water level possibly affected by recent rain or flooding,,,,,,,,,,,,,,,,
10,Inconsistent or spotty tape mark due to wet or leaking casing,,,,,,,,,,,,,,,,
12,Uncertain of reason for questionable measurement,,,,,,,,,,,,,,,,
14,Measurement may be from incorrect well,,,,,,,,,,,,,,,,
15,Tape may not have fallen free in well during measurement,,,,,,,,,,,,,,,,
16,Tape marked with oil or gasoline,,,,,,,,,,,,,,,,
17,Measurement before well completion,,,,,,,,,,,,,,,,
18,Well destroyed,,,,,,,,,,,,,,,,
19,Well pumping,,,,,,,,,,,,,,,,
20,Unable to insert tape into well,,,,,,,,,,,,,,,,
22,Unable to measure because tape hangs before reaching water level,,,,,,,,,,,,,,,,
23,Well apparently blocked or caved,,,,,,,,,,,,,,,,
24,"Well apparently dry, well depth reached without water level",,,,,,,,,,,,,,,,
25,Unable to measure due to wet or leaking casing,,,,,,,,,,,,,,,,
28,Uncertain of reason for no measurement,,,,,,,,,,,,,,,,
29,Unable to locate well,,,,,,,,,,,,,,,,
30,"Well temporarily inaccessible due to impassable roads, locked gate, etc.",,,,,,,,,,,,,,,,
31,Well temporarily inaccessible due to vicious animals,,,,,,,,,,,,,,,,
32,Well temporarily inaccessible due to winterization or debris,,,,,,,,,,,,,,,,
36,Well removed from Water Level Program,,,,,,,,,,,,,,,,
37,No measurement due to admin decision,,,,,,,,,,,,,,,,
38,No measurement due to COVID-19,,,,,,,,,,,,,,,,
