StateWellNumber,County,AquiferCode,ObsCode,WellDepth,LatitudeDD,LongitudeDD,StatusCode,Date,Time,WaterLevel,Change,WaterElevation,MeasNumber,MeasuringAgency,MethodOfMeasurement,RemarkID,Comments
6819604,Bexar,218GRCCU,U,550.0,29.698334,-98.630833,P,3/18/2009,,382.19,1.51,885.81,1.0,U.S. Geological Survey,Electric Line,,
6819643,Bexar,218CCRK,U,496.0,29.681389,-98.631111,P,12/29/2010,,176.79,44.13,1026.21,1.0,U.S. Geological Survey,Electric Line,,
6820113,Bexar,218GLRS,U,329.0,29.738056,-98.600001,P,4/6/2012,,195.93,-32.58,1072.07,1.0,U.S. Geological Survey,Electric Line,,
6820204,Bexar,218GLRS,U,261.0,29.739445,-98.572778,P,4/6/2012,,181.28,-33.52,1063.72,1.0,U.S. Geological Survey,Electric Line,,
6820205,Bexar,218GLRS,U,424.0,29.745,-98.552778,P,4/6/2012,,207.05,-25.59,1039.95,1.0,U.S. Geological Survey,Electric Line,,
6820206,Bexar,218GLRS,U,459.0,29.728611,-98.556389,P,4/6/2012,,217.94,-49.13,1053.06,1.0,U.S. Geological Survey,Electric Line,,
6820207,Bexar,218GLRS,U,604.0,29.711112,-98.568611,P,4/6/2012,,374.45,-28.74,992.55,1.0,U.S. Geological Survey,Electric Line,,
6820303,Bexar,218GLRS,U,200.0,29.741945,-98.535834,P,7/5/2011,,150.8,,1012.2,1.0,U.S. Geological Survey,Electric Line,,
6820304,Bexar,218GLRS,U,255.0,29.746667,-98.535834,P,7/12/2011,,149.41,,1009.59,1.0,U.S. Geological Survey,Electric Line,,
6820305,Bexar,218GLRS,U,328.0,29.713612,-98.517778,P,12/8/2011,,189.62,4.4,987.38,1.0,U.S. Geological Survey,Electric Line,,
6820306,Bexar,218GLRS,U,343.0,29.724444,-98.538889,P,4/6/2012,,238.26,-1.55,1033.74,1.0,U.S. Geological Survey,Electric Line,,
6820407,Bexar,218GLRS,U,361.0,29.692778,-98.585278,P,4/6/2012,,250.94,-1.89,1056.06,1.0,U.S. Geological Survey,Electric Line,,
6820504,Bexar,218GLRS,U,439.0,29.707501,-98.573333,P,4/6/2012,,265.05,-51.06,1030.95,1.0,U.S. Geological Survey,Electric Line,,
6820505,Bexar,218GLRS,U,295.0,29.695278,-98.557778,P,4/6/2012,,249.7,-0.47,1088.3,1.0,U.S. Geological Survey,Electric Line,,
6820506,Bexar,218GLRS,U,202.0,29.669167,-98.582222,P,4/6/2012,,132.29,-7.76,1028.71,1.0,U.S. Geological Survey,Electric Line,,
6820609,Bexar,218GLRS,U,500.0,29.688334,-98.526111,P,4/6/2012,,325.26,-42.23,893.74,1.0,U.S. Geological Survey,Electric Line,,
6820718,Bexar,218GLRS,U,247.0,29.665556,-98.596389,P,4/6/2012,,155.42,-28.85,1030.58,1.0,U.S. Geological Survey,Electric Line,,
6820902,Bexar,218GLRS,U,359.0,29.654445,-98.525833,P,4/6/2012,,297.29,-3.77,866.71,1.0,U.S. Geological Survey,Electric Line,,
6820903,Bexar,218GLRS,U,463.0,29.639445,-98.541111,P,4/6/2012,,199.89,-49.21,903.11,1.0,U.S. Geological Survey,Electric Line,,
6820904,Bexar,218GLRS,U,404.0,29.636945,-98.526667,P,4/6/2012,,260.27,-13.82,789.73,1.0,U.S. Geological Survey,Electric Line,,
6821222,Bexar,218GLRS,U,316.0,29.711945,-98.445556,P,12/29/2010,,203.09,18.22,891.91,1.0,U.S. Geological Survey,Electric Line,,
6821906,Bexar,,B,,29.6585361,-98.3904694,P,5/1/2023,,324.76,-0.03,713.24,1.0,Groundwater Conservation District,Transducer,,
6813101,Comal,218GLRSL,U,19.0,29.836945,-98.482778,P,11/2/2010,,9.87,0.06,1202.13,1.0,U.S. Geological Survey,Electric Line,,
6813102,Comal,218GRHC,U,200.0,29.836945,-98.4825,P,11/2/2010,,132.56,16.82,1079.44,1.0,U.S. Geological Survey,Electric Line,,
6814407,Comal,218GRCCU,B,620.0,29.7983333,-98.3552778,P,5/1/2023,,431.64,-0.25,778.36,1.0,Groundwater Conservation District,Transducer,,
5764504,Hays,218CCRK,B,875.0,30.0529194,-98.0496361,P,7/12/2022,,401.88,13.53,760.12,1.0,Groundwater Conservation District,Transducer,,
5849948,Hays,219SLGH,B,1520.0,30.1428194,-97.8802056,P,5/19/2021,,154.62,,596.38,1.0,Registered Water Well Driller,Electric Line,,
1952309,Wise,218ALRS,A,854.0,33.2202778,-97.5013333,P,9/29/2023,1536.0,504.87,,454.13,1.0,Texas Water Development Board,Electric Line,1.0,
LookupAquiferCode,LookupAquiferCodeDescription,,,,,,,,,,,,,,,,
218ALRS,Antlers Sand,,,,,,,,,,,,,,,,
218CCRK,Cow Creek Limestone,,,,,,,,,,,,,,,,
218GLRS,Glen Rose Limestone,,,,,,,,,,,,,,,,
218GLRSL,"Glen Rose Limestone, Lower Member",,,,,,,,,,,,,,,,
218GRCCU,Lower Glen Rose and Cow Creek Limestones,,,,,,,,,,,,,,,,
218GRHC,Glen Rose LS and Hensell SH and Cow Creek LS Members of Pearsall FM,,,,,,,,,,,,,,,,
219SLGH,Sligo and Hosston Formations,,,,,,,,,,,,,,,,
LookupObsCode,LookupObsTypeDescription,,,,,,,,,,,,,,,,
A,TWDB Current Sensor,,,,,,,,,,,,,,,,
B,GCD Current Sensor,,,,,,,,,,,,,,,,
U,USGS Current Site Visit,,,,,,,,,,,,,,,,
LookupStatusCode,LookupStatusDescription,,,,,,,,,,,,,,,,
P,Publishable,,,,,,,,,,,,,,,,
Q,Questionable,,,,,,,,,,,,,,,,
X,No Measurement,,,,,,,,,,,,,,,,
,,,,,,,,,,,,,,,,,
LookupRemarkId,LookupRemarkDescription,,,,,,,,,,,,,,,,
1,Accurately reflects water level conditions,,,,,,,,,,,,,,,,
3,Well or wells pumping nearby,,,,,,,,,,,,,,,,
4,Well pumped recently,,,,,,,,,,,,,,,,
12,Uncertain of reason for questionable measurement,,,,,,,,,,,,,,,,
20,Unable to insert tape into well,,,,,,,,,,,,,,,,
22,Unable to measure because tape hangs before reaching water level,,,,,,,,,,,,,,,,
25,Unable to measure due to wet or leaking casing,,,,,,,,,,,,,,,,
