<?xml version="1.0" encoding="UTF-8"?>
<metadata xml:lang="en"><Esri><CreaDate>20231207</CreaDate><CreaTime>00125400</CreaTime><ArcGISFormat>1.0</ArcGISFormat><SyncOnce>TRUE</SyncOnce><DataProperties><lineage><Process ToolSource="c:\program files\arcgis\pro\Resources\ArcToolbox\toolboxes\Data Management Tools.tbx\CalculateField" Date="20231207" Time="001254">CalculateField "Ogallala Land Use" Percentage update(!Percentage!) Python "def update(areapct):
    import arcpy
    list = []
    with arcpy.da.SearchCursor(r"C:\Users\axcro\OneDrive\Documents\TAMU\Fall 23\GEOG 392\Final Project\nlcd_2021_land_cover_2.tif", ["Count"]) as cursor:
        for row in cursor:
            list.append(row[0])
    S = sum(list)
    return areapct / S * 100" "Double (64-bit floating point)" NO_ENFORCE_DOMAINS</Process><Process ToolSource="c:\program files\arcgis\pro\Resources\ArcToolbox\toolboxes\Data Management Tools.tbx\CalculateField" Date="20231207" Time="001316">CalculateField "Ogallala Land Use" Percentage update(!Percentage!) Python "def update(areapct):
    import arcpy
    list = []
    with arcpy.da.SearchCursor(r"C:\Users\axcro\OneDrive\Documents\TAMU\Fall 23\GEOG 392\Final Project\nlcd_2021_land_cover_2.tif", ["Count"]) as cursor:
        for row in cursor:
            list.append(row[0])
    S = sum(list)
    return areapct / S * 100" "Double (64-bit floating point)" NO_ENFORCE_DOMAINS</Process><Process ToolSource="c:\program files\arcgis\pro\Resources\ArcToolbox\toolboxes\Data Management Tools.tbx\CalculateField" Date="20231207" Time="001508">CalculateField "Ogallala Land Use" Percentage update(!Percentage!) Python "def update(areapct):
    import arcpy
    list = []
    with arcpy.da.SearchCursor(r"C:\Users\axcro\OneDrive\Documents\TAMU\Fall 23\GEOG 392\Final Project\nlcd_2021_land_cover_2.tif", ["Count"]) as cursor:
        for row in cursor:
            list.append(row[0])
    S = sum(list)
    return areapct / S * 100" "Double (64-bit floating point)" NO_ENFORCE_DOMAINS</Process><Process ToolSource="c:\program files\arcgis\pro\Resources\ArcToolbox\toolboxes\Data Management Tools.tbx\CalculateField" Date="20231207" Time="004024">CalculateField "Ogallala Land Use" Percentage "(!Count! / 107099286) * 100" Python # "Double (64-bit floating point)" NO_ENFORCE_DOMAINS</Process><Process ToolSource="c:\program files\arcgis\pro\Resources\ArcToolbox\toolboxes\Data Management Tools.tbx\CalculateField" Date="20231207" Time="012510">CalculateField nlcd_2021_land_cover_2.tif Percentage "(!Count! / 59228225) * 100" Python # Text NO_ENFORCE_DOMAINS</Process></lineage></DataProperties></Esri></metadata>
