<PAMDataset>
  <PAMRasterBand band="1">
    <Histograms>
      <HistItem>
        <HistMin>-0.5</HistMin>
        <HistMax>95.5</HistMax>
        <BucketCount>96</BucketCount>
        <IncludeOutOfRange>1</IncludeOutOfRange>
        <Approximate>0</Approximate>
        <HistCounts>47871061|0|0|0|0|0|0|0|0|0|0|150699|0|0|0|0|0|0|0|0|0|1487043|545274|290644|90713|0|0|0|0|0|0|86060|0|0|0|0|0|0|0|0|0|50621|44082|2182|0|0|0|0|0|0|0|0|15704868|0|0|0|0|0|0|0|0|0|0|0|0|0|0|0|0|0|0|15713317|0|0|0|0|0|0|0|0|0|175638|24322703|0|0|0|0|0|0|0|108761|0|0|0|0|455620</HistCounts>
      </HistItem>
    </Histograms>
    <Metadata>
      <MDI key="STATISTICS_COUNT">107099286.000000</MDI>
      <MDI key="STATISTICS_COVARIANCES">1300.375693349077</MDI>
      <MDI key="STATISTICS_EXCLUDEDVALUES"></MDI>
      <MDI key="STATISTICS_MAXIMUM">95</MDI>
      <MDI key="STATISTICS_MEAN">37.857315799468</MDI>
      <MDI key="STATISTICS_MEDIAN">52.000000</MDI>
      <MDI key="STATISTICS_MINIMUM">0</MDI>
      <MDI key="STATISTICS_SKIPFACTORX">1</MDI>
      <MDI key="STATISTICS_SKIPFACTORY">1</MDI>
      <MDI key="STATISTICS_STDDEV">36.060722307645</MDI>
    </Metadata>
  </PAMRasterBand>
</PAMDataset>
